"species","inflorescence_length_mean","inflorescence_peduncle_length_mean","calyx_length_mean","corolla_length_mean","corolla_lobe_length_mean","filament_length_mean","stamen_count","inflorescence_type","flower_merosity","filament_color","anther_gland_presence","nectary","sex_type","dimorphic_flower","clade"
"Paraserianthes_lophantha",1.50407739677627,0.405465108108164,-1.34707364796661,-0.49429632181478,-1.51412773262978,0.388657989791783,4.8283137373023,"raceme","5","yellow","absent","0","1","0","Archidendron clade"
"Archidendron_utile",2.29286786989789,1.16798912669578,-1.49165487677772,-0.356674943938732,-1.89711998488588,0.23390068711201,4.00963741179261,"capitula","5","white","absent","0","1","0","Archidendron clade"
"Archidendron_jiringa",2.29286786989789,1.16798912669578,-1.89711998488588,-0.798507696217772,-1.6094379124341,-0.105360515657826,4.00963741179261,"capitula&spike","5","white","absent","0","0","0","Archidendron clade"
"Archidendron_ellipticum",2.29286786989789,1.16798912669578,-1.74296930505862,-0.744440474947496,-1.49165487677772,-0.510825623765991,4.00963741179261,"capitula","5","white","absent","0","0","0","Archidendron clade"
"Archidendron_robinsonii",2.29286786989789,0.22314355131421,-0.553385238184787,0.048790164169432,-0.798507696217772,0.32582884609971,3.97594000322581,"capitula","5","white","absent","0","1","0",""
"Archidendron_chevalieri",2.29286786989789,0.438254930931155,-1.29098418131557,-0.693147180559945,-1.22983405188799,0.405465108108164,3.8286413964891,"capitula","5","white","absent","0","1","0","Archidendron clade"
"Archidendron_scutiferum",2.29286786989789,1.16832327784168,-1.68739945390381,-0.693147180559945,-1.42711635564015,-0.287682072451781,4.00969621687494,"capitula","5","white","absent","0","0","0","Archidendron clade"
"Archidendron_glomeriflorum",2.29286786989789,1.09861228866811,-2.04022082852655,-0.916290731874155,-1.49165487677772,0.315689765556077,4.01117582618763,"capitula","5","white","absent","0","1","0","Archidendron clade"
"Archidendron_ptenopum",2.99798082755134,1.32559146638436,-1.20397280432594,0.0723206615796261,-0.510825623765991,0.470003629245736,4.03000492424601,"umbell","5","white","absent","0","0","0","Archidendron clade"
"Archidendron_glabrum",3.80666248977032,1.32559146638436,-1.38629436111989,-0.287682072451781,-1.20397280432594,0.559615787935423,4.03000492424601,"raceme","5","white","absent","0","1","0","Archidendron clade"
"Pararchidendron_pruinosum",2.4571330179726,1.87180217690159,-1.89711998488588,-0.510825623765991,-2.59026716544583,0.182321556793955,4.03000492424601,"umbell","5","white","absent","0","1","0","Archidendron clade"
"Archidendropsis_granulosa",2.27726728500976,1.20492012884776,-1.74296930505862,-1.04982212449868,-2.59026716544583,-0.162518929497775,4.03343500736053,"spike","5","white","absent","0","1","0","Archidendron clade"
"Archidendropsis_fournieri",2.23693924130542,0.8754687373539,-1.38629436111989,-0.25489224962879,-1.68739945390381,0.346448214870598,4.03343500736053,"capitula","5","white","absent","0","1","0","Archidendron clade"
"Heliodendron_basalticum",-2.20727491318972,1.29507705017911,-1.49165487677772,-0.744440474947496,-1.38333139185698,-0.356674943938732,4.03498116820182,"capitula","5","white","absent","0","1","0","Archidendron clade"
"Wallaceodendron_celebicum",2.80336038090653,2.35137525716348,-0.916290731874155,0.354171813720614,-0.798507696217772,1.32175583998232,4.03664204307154,"raceme","5","white","absent","0","0","0","Archidendron clade"
"Falcataria_falcata",1.01160091167848,1.29713091253981,-1.36649173382371,-0.415515443961666,-1.13943428318836,0.470003629245736,4.75359019110636,"spike","5","white","absent","1","1","0","Archidendron clade"
"Inga_sierrae",0.810930216216329,1.79175946922805,0.048790164169432,0.587786664902119,-0.916290731874155,0.810930216216329,4.38202663467388,"spike","5","white","absent","0","1","0","Inga clade"
"Inga_nobilis",0.0953101798043249,1.44691898293633,-0.693147180559945,-0.162518929497775,-1.74296930505862,0.470003629245736,3.8607297110406,"spike&capitula&umbell","5","white","absent","0","1","0","Inga clade"
"Inga_oerstediana",1.17865499634165,1.50407739677627,-1.38629436111989,0,-1.38629436111989,0.559615787935423,4.44265125649032,"spike","5","white","absent","0","1","0","Inga clade"
"Inga_adenophylla",0.891494112763543,1.79175946922805,-0.831933706959314,0.139761942375159,-1.04982212449868,0.916290731874155,3.8607297110406,"spike","5","white","absent","0","1","0","Inga clade"
"Inga_herrerae",0.916290731874155,0.559615787935423,-0.59783700075562,-2.07944154167984,-1.04982212449868,0.559615787935423,4.38202663467388,"spike","5","white","absent","0","1","0","Inga clade"
"Inga_stenoptera",0.22314355131421,1.32175583998232,-0.916290731874155,-0.105360515657826,-1.49165487677772,0.405465108108164,3.96081316959758,"spike","5","yellow","absent","0","1","0","Inga clade"
"Inga_maritima",0.916290731874155,0.810930216216329,-1.6094379124341,-0.287682072451781,-1.6094379124341,0.182321556793955,3.62434093297637,"spike","5","white","absent","0","1","0","Inga clade"
"Inga_cordatoalata",1.44691898293633,0.438254930931155,-2.59026716544583,-1.04982212449868,-2.30258509299405,-0.510825623765991,3.80666248977032,"raceme","5","white","absent","0","1","0","Inga clade"
"Inga_blanchetiana",1.09861228866811,0.559615787935423,0.048790164169432,1.25276296849537,-1.20397280432594,0.974559639998131,4.31748811353631,"spike&raceme","5","white","absent","0","1","0","Inga clade"
"Inga_barbata",0.336472236621213,1.32175583998232,-0.59783700075562,0.048790164169432,-1.38629436111989,0.693147180559945,3.62434093297637,"spike","5","white","absent","0","1","0","Inga clade"
"Inga_samanensis",0.53062825106217,0.048790164169432,-1.29098418131557,-0.321583624127462,-2.07944154167984,0,3.59731226058845,"spike","5","white","absent","0","1","0","Inga clade"
"Inga_tonduzii",0.916290731874155,0.765467842139571,-0.0512932943875506,-1.56064774826467,-0.798507696217772,1.09861228866811,4.65396035015752,"spike","5","white","absent","0","1","0","Inga clade"
"Inga_mortoniana",-1.38629436111989,1.25276296849537,-0.798507696217772,-0.0512932943875506,-1.89711998488588,-0.162518929497775,3.80666248977032,"capitula","5","white","absent","0","1","0","Inga clade"
"Inga_lallensis",-0.916290731874155,1.70474809223843,-2.07944154167984,-0.393042588109607,-2.07944154167984,-0.162518929497775,3.80666248977032,"umbell","5","white","absent","0","1","0","Inga clade"
"Inga_umbratica",-1.74296930505862,-0.287682072451781,-2.30258509299405,-0.798507696217772,-2.18480205733766,-0.105360515657826,3.62434093297637,"umbell","5","white","absent","0","1","0","Inga clade"
"Inga_microcalyx",1.09861228866811,2.14006616349627,-2.30258509299405,-0.85566611005772,-1.74296930505862,0.22314355131421,3.40119738166216,"spike","5","white","absent","0","1","0","Inga clade"
"Inga_golfodulcensis",-0.798507696217772,0.300104592450338,-1.49165487677772,-0.430782916092454,-1.89711998488588,0,3.80666248977032,"spike","5","white","absent","0","1","0","Inga clade"
"Inga_bullatorugosa",-1.6094379124341,-1.04982212449868,-1.49165487677772,-0.287682072451781,-2.07944154167984,-0.0512932943875506,3.91202300542815,"umbell","5","white","absent","0","1","0","Inga clade"
"Inga_sertulifera",-1.1239300966524,1.6094379124341,-1.44816976483798,-0.287682072451781,-1.49165487677772,0.336472236621213,3.62434093297637,"umbell","5","white","absent","0","1","0","Inga clade"
"Inga_alba",-0.430782916092454,0.182321556793955,-2.07944154167984,-1.38629436111989,-2.59026716544583,-0.644357016390513,3.55534806148941,"spike","5","white","absent","0","1","0","Inga clade"
"Inga_tenuicalyx",1.01160091167848,1.44691898293633,-0.22314355131421,0.139761942375159,-1.89711998488588,0.693147180559945,4.0517849478033,"spike","5","white","absent","0","1","0","Inga clade"
"Inga_ruiziana",0,0.974559639998131,-1.04982212449868,-0.430782916092454,-1.74296930505862,-0.0512932943875506,4.17438726989564,"spike","5","white","absent","0","1","0","Inga clade"
"Inga_umbellifera",-1.29098418131557,1.1314021114911,-1.24653241874473,-0.356674943938732,-1.74296930505862,0.559615787935423,3.48124008933569,"umbell","5","white","absent","0","1","0","Inga clade"
"Inga_filiformis",-1.38629436111989,2.27726728500976,-1.38629436111989,-0.287682072451781,-1.6094379124341,0.336472236621213,3.91202300542815,"capitula","5","white","absent","0","1","0","Inga clade"
"Inga_arenicola",-1.6094379124341,1.79175946922805,-1.89711998488588,-0.287682072451781,-2.07944154167984,0,3.62434093297637,"capitula","5","white","absent","0","1","0","Inga clade"
"Zygia_paucijugata",-1.89711998488588,0,-1.66073120682165,-0.321583624127462,-2.30258509299405,0.53062825106217,3.63758615972639,"capitula","5","white","absent","1","1","0","Inga clade"
"Zygia_peckii",0.248131942711608,-0.430782916092454,-1.34707364796661,-0.321583624127462,-1.96611285637283,0.500775287912489,3.8607297110406,"capitula","4","white","absent","1","1","0","Inga clade"
"Zygia_longifolia",0.438254930931155,0.405541570092537,-1.86433016206289,-0.510825623765991,-2.3538783873816,0.573800422927379,3.2188758248682,"spike","5","pink&white","absent","1","1","0","Inga clade"
"Zygia_lathetica",0.916290731874155,0.139761942375159,-1.53711725085447,0.500775287912489,-1.44816976483798,1.33500106673234,4.40671924726425,"capitula","5","pink","absent","1","1","0","Inga clade"
"Zygia_racemosa",-1.89711998488588,-0.356674943938732,-2.40794560865187,-0.980829253011726,-2.46510402249182,0.281412459438185,3.06805293513362,"capitula","5","white","absent","0","1","0","Inga clade"
"Zygia_claviflora",-1.6094379124341,-1.38629436111989,-1.89711998488588,-0.22314355131421,-2.20727491318972,0.993251773010283,3.52636052461616,"capitula","4","pink","absent","1","1","0","Inga clade"
"Macrosamanea_simabifolia",1.03229654499702,1.32175583998232,-0.553385238184787,0.559615787935423,-1.20397280432594,0.594318207167961,3.68887945411394,"capitula","5","white","absent","0","1","0",""
"Robrichia_schomburgkii",1.03229654499702,1.10588638213036,-1.23787435600162,-0.832409247893453,-1.63710120350542,0.594318207167961,2.30258509299405,"capitula","5","white","absent","1","1","1","Inga clade"
"Blanchetiodendron_blanchetii",-1.49165487677772,0.048790164169432,-1.38629436111989,-0.798507696217772,-1.71479842809193,0.300104592450338,3.46573590279973,"capitula","5","white","absent","0","1","1","Inga clade"
"Albizia_bernieri",1.51740093933805,1.17865499634165,-1.74296930505862,-0.470003629245736,-1.56787817331019,0.84372003903932,3.61772636761834,"capitula","5","white","absent","0","1","0","Albizia clade"
"Albizia_commiphoroides",1.51740093933805,-0.162518929497775,-2.07944154167984,-0.510825623765991,-1.56787817331019,0.717839793150317,3.61772636761834,"capitula","5","white","absent","0","1","0","Albizia clade"
"Albizia_aurisparsa",1.51740093933805,0.854415328156068,-1.20397280432594,-0.430782916092454,-1.56787817331019,0.654925967739748,3.61772636761834,"capitula","5","white&pink","absent","0","1","0","Albizia clade"
"Albizia_tulearensis",1.51740093933805,0.78845736036427,-1.67397643357167,-0.510825623765991,-1.56787817331019,0.262364264467491,3.61772636761834,"capitula","5","white","absent","1","0","0","Albizia clade"
"Albizia_kostermansii",1.51740093933805,0.470003629245736,-1.66073120682165,-0.536143431750281,-1.74296930505862,0.405465108108164,3.61772636761834,"capitula","5","white","absent","0","0","1","Albizia clade"
"Albizia_procera",1.53417051378563,0.262364264467491,-1.22077992264232,-0.49429632181478,-1.77195684193188,0,3.55534806148941,"capitula","5","white","absent","0","1","0","Albizia clade"
"Albizia_julibrissin",1.79175946922805,0.946339825323707,-1.13943428318836,-0.105360515657826,-1.63475572041839,1.1314021114911,3.61448165841232,"capitula","5","pink","absent","0","1","1","Albizia clade"
"Albizia_carrii",1.50969442610606,1.32175583998232,-1.1239300966524,-0.356674943938732,-1.20397280432594,0.916290731874155,3.61919586634031,"umbell","5","white","absent","0","0","1","Albizia clade"
"Albizia_gummifera",1.50969442610606,1.32175583998232,-0.980829253011726,-0.0779615414697118,-1.54523549031243,1.08180517035173,3.61919586634031,"capitula","5","white","absent","0","1","0","Albizia clade"
"Enterolobium_timbouva",0,1.08557195095069,-1.04982212449868,-0.471590797290494,-1.55759347217821,0.465401121208208,3.43937330532769,"capitula","5","white","absent","0","0","0","Albizia clade"
"Enterolobium_barnebianum",1.79175946922805,1.08557195095069,-1.38629436111989,-1.04982212449868,-1.55759347217821,-0.356674943938732,2.2512917986065,"umbell","5","white","absent","0","1","1","Albizia clade"
"Chloroleucon_foliolosum",1.4986454436158,0.300104592450338,-2.04022082852655,-0.867500567704723,-2.00248050054371,0.20294084399669,2.39789527279837,"capitula","5","white","absent","0","1","1","Samanea clade"
"Samanea_saman",1.4986454436158,1.83258146374831,-0.527632742082372,0.117783035656383,-1.36649173382371,1.17865499634165,3.92197333628131,"capitula","5&9","white","absent","0","1","1","Samanea clade"
"Pseudosamanea_guachapele",1.41816426835617,1.65822807660353,-0.553385238184787,0.0246926125903714,-1.6094379124341,1.28093384546206,4.07753744390572,"capitula","5","white","absent","0","1","1",""
"Pseudosamanea_carbonaria",0.300104592450338,1.16315080980568,-1.20397280432594,-0.616186139423817,-1.74296930505862,0.388657989791783,3.06805293513362,"capitula","5","white","absent","0","1","1",""
"Hydrochorea_leucocalyx",0.67313755795413,1.6094379124341,-0.879476758751439,-0.204567165741274,-1.29098418131557,1.11514159061932,3.46573590279973,"capitula","5","white","absent","0","1","1","Jupunba clade"
"Jupunba_ganymedea",0,1.01160091167848,-1.46967597005894,-0.891598119283784,-1.77195684193188,0.438254930931155,2.30258509299405,"capitula","5","white","absent","0","1","1","Jupunba clade"
"Jupunba_oppositifolia",0.69375360106815,1.79175946922805,-0.967584026261706,-0.415515443961666,-1.32802545299591,0.300104592450338,3.8607297110406,"capitula","5","white","absent","0","1","0","Jupunba clade"
"Jupunba_abbottii",0.69375360106815,1.01160091167848,-1.34707364796661,-0.430782916092454,-1.53711725085447,0.615185639090233,3.44998754583159,"capitula","5","white","absent","0","1","0","Jupunba clade"
"Jupunba_turbinata",0.405465108108164,2.484906649788,-0.916290731874155,-0.430782916092454,-1.54253617547624,1.04731899428056,3.09104245335832,"capitula","5","white","absent","0","1","1","Jupunba clade"
"Jupunba_longipedunculata",0.737687373872794,2.16905370036952,-0.486133011175619,-0.133531392624523,-1.6094379124341,0.766543946740776,3.49650756146648,"capitula","5","white","absent","0","1","0","Jupunba clade"
"Jupunba_cochleata",1.34295726291931,1.09861228866811,-1.56064774826467,-0.703197516413447,-2.04022082852655,0.615185639090233,2.83321334405622,"capitula","5","white","absent","0","1","1","Jupunba clade"
"Jupunba_adenophora",1.36869633919734,1.44691898293633,-1.46967597005894,-0.776528789498996,-1.77195684193188,0.371563556432483,2.77258872223978,"raceme","5","white","absent","0","1","1","Jupunba clade"
"Punjuba_lehmannii",2.19722457733622,0.916290731874155,-1.53711725085447,-0.553385238184787,-2.16282315061889,0.0246926125903714,3.74950407593037,"spike","5","white","absent","0","1","0","Jupunba clade"
"Pseudalbizzia_decandra",0.899753324877212,0.405465108108164,-2.20727491318972,-0.994252273343867,-1.80180980508156,0.336472236621213,3.5105675246409,"capitula","5&6","white","absent","0","1","1","Jupunba clade"
"Pseudalbizzia_tomentosa",0.444814165852279,0.641853886172395,-1.66073120682165,-0.798507696217772,-1.93102153656156,0.281412459438185,3.2188758248682,"capitula","5","white","absent","0","1","1","Jupunba clade"
"Pseudalbizzia_sinaloensis",-1.89711998488588,0.810930216216329,-1.6094379124341,-0.967584026261706,-2.3538783873816,-0.644357016390513,3.58351893845611,"capitula","5","white","absent","0","1","0","Jupunba clade"
"Abarema_levelii",1.94591014905531,0.974559639998131,-1.1239300966524,0.300104592450338,-0.916290731874155,1.50407739677627,3.40119738166216,"capitula","5","white","absent","1","1","1","Inga clade"
"Pithecellobium_dulce",1.27365035875269,0.182321556793955,-1.80180980508156,-1.03563748950672,-2.16282315061889,-0.133531392624523,3.52636052461616,"capitula","5","white","absent","0","1","0","Pithecellobium clade"
"Pithecellobium_furcatum",-0.22314355131421,0.53062825106217,-0.510825623765991,0,-1.56064774826467,1.34807314829969,3.89182029811063,"spike","5","white","absent","0","1","0","Pithecellobium clade"
"Havardia_albicans",1.44659734872466,-0.0512932943875506,-1.68739945390381,-1.07880966137193,-1.83258146374831,0.117783035656383,3.753463989722,"capitula","4","white","absent","0","1","0","Pithecellobium clade"
"Havardia_pallens",1.44659734872466,0.438254930931155,-2.00248050054371,-0.765717873394781,-1.83258146374831,0.22314355131421,3.71357206670431,"capitula","5","white","absent","0","1","0","Pithecellobium clade"
"Painteria_elachistophylla",1.47899672499408,1.09861228866811,0.182321556793955,1.54756250871601,0.336472236621213,2.35137525716348,3.3322045101752,"capitula","4&5","white","absent","0","1","0",""
"Gretheria_campylacantha",1.49295937720695,1.09861228866811,-1.22077992264232,-0.693147180559945,-2.40794560865187,0.0246926125903714,3.80666248977032,"capitula","5","white","absent","0","1","0","Pithecellobium clade"
"Cojoba_graciliflora",1.43228285454995,1.66770682055808,-0.980829253011726,0.22314355131421,-1.98413136187551,0.559615787935423,3.3322045101752,"capitula","5","white","absent","0","1","0",""
"Lysiloma_watsonii",-0.59783700075562,1.37158807300792,-1.15319793238136,-0.0760809818589646,-1.5377398109959,0.694372000251046,3.87958601295062,"capitula","5","white","absent","0","1","0","Cojoba clade"
"Hesperalbizia_occidentalis",1.35714630388818,1.55814461804655,-1.29098418131557,-0.0779615414697118,-1.66073120682165,0.78845736036427,4.15888308335967,"capitula","5","white","absent","0","1","0","Cojoba clade"
"Calliandra_mollissima",1.82474546984815,0.641853886172395,-1.77195684193188,-0.723606388044654,-2.20727491318972,1.08180517035173,2.35137525716348,"capitula","4","white","absent","1","1","1","Calliandra clade"
"Calliandra_brenesii",1.82474546984815,0.974559639998131,-1.23787435600162,-0.0253178079842899,-1.34707364796661,1.17865499634165,3.29583686600433,"capitula","3&4","white","absent","1","1","0","Calliandra clade"
"Calliandra_caeciliae",1.82474546984815,-0.22314355131421,-1.80180980508156,-0.693147180559945,-2.16282315061889,0.936093359170335,2.484906649788,"capitula","4","red","absent","0","1","0","Calliandra clade"
"Calliandra_dysantha",1.82474546984815,1.26938249844843,-0.553385238184787,0.182321556793955,-0.644357016390513,1.50407739677627,4.27666611901606,"capitula","5","pink","absent","0","1","1","Calliandra clade"
"Calliandra_brevicaulis",1.82474546984815,1.87180217690159,-0.891598119283784,-0.150822889734584,-1.04982212449868,1.65822807660353,3.66356164612965,"capitula","5","white","absent","0","1","1","Calliandra clade"
"Calliandra_bella",1.82474546984815,1.6094379124341,-1.1551826401565,-0.22314355131421,-1.1239300966524,1.53686721959926,3.55534806148941,"raceme","5","white","absent","0","1","0","Calliandra clade"
"Calliandra_longipes",1.82474546984815,2.484906649788,-1.36649173382371,0.0861776962410524,-1.34707364796661,0.993251773010283,4.30406509320417,"capitula","5","white","absent","0","1","0","Calliandra clade"
"Calliandra_comosa",1.94591014905531,0.0953101798043249,-1.6094379124341,-0.510825623765991,-1.89711998488588,0.615185639090233,3.52636052461616,"capitula","4","white","absent","1","1","0","Calliandra clade"
"Calliandra_californica",1.86688665274376,0.139761942375159,-1.93102153656156,-0.430782916092454,-1.56064774826467,0.717839793150317,3.06805293513362,"capitula","5","pink","absent","1","1","0","Calliandra clade"
"Calliandra_bahiana",1.80961324396488,1.44691898293633,-0.59783700075562,0.0953101798043249,-0.693147180559945,-0.967584026261706,5.06890420222023,"capitula","4","white","absent","0","1","0","Calliandra clade"
"Calliandra_erubescens",1.80961324396488,1.17865499634165,-1.86433016206289,-0.579818495252942,-1.38629436111989,0.993251773010283,3.52636052461616,"capitula","5","white","absent","0","1","0","Calliandra clade"
"Acaciella_angustissima",0.88481202760996,0.139761942375159,-2.7333680090865,-0.798507696217772,-1.51537658037419,-0.510825623765991,5.29831736654804,"raceme","5","white","absent","1","1","0","Calliandra clade"
"Acaciella_tequilana",0.500775287912489,1.09861228866811,-2.65926003693278,-1.20397280432594,-1.51537658037419,-0.510825623765991,5.29831736654804,"raceme","5","white","absent","1","1","0","Calliandra clade"
"Zapoteca_ravenii",1.78255339579914,1.33500106673234,-0.693147180559945,-0.916290731874155,-2.30258509299405,0.182321556793955,3.96290534681821,"capitula","5","white","absent","0","1","0","Zapoteca clade"
"Viguieranthus_glaber",1.92164868047753,1.08396650885048,-1.27128650063918,-0.744440474947496,-1.58973147361385,0,3.91999019755454,"capitula","5","white","absent","0","1","0","Zapoteca clade"
"Viguieranthus_glandulosus",1.92164868047753,0.974559639998131,-0.980829253011726,-0.644357016390513,-1.58973147361385,0.182321556793955,3.91999019755454,"capitula","5","white","absent","0","0","0","Zapoteca clade"
"Faidherbia_albida",2.19722457733622,1.09861228866811,-2.00248050054371,-1.1239300966524,-1.58973147361385,-0.693147180559945,3.80666248977032,"spike","5","white","absent","0","1","0","Zapoteca clade"
"Senegalia_burkei",1.50407739677627,0.693147180559945,-1.56064774826467,-1.38629436111989,-1.56592818957046,-0.644357016390513,3.98203568284673,"spike","5","white","present","0","1","0","Senegalia grade"
"Senegalia_caffra",1.94591014905531,0.693147180559945,-1.38629436111989,-1.20397280432594,-1.56592818957046,-0.430782916092454,3.98203568284673,"spike","5","white","present","0","1","0","Senegalia grade"
"Mariosousa_centralis",2.30258509299405,-0.356674943938732,-2.30258509299405,-1.53711725085447,-1.56560271557052,-0.59783700075562,4.13518443436841,"spike","5","white","absent","0","1","0","Senegalia grade"
"Mariosousa_heterophylla",1.79175946922805,0.405465108108164,-1.74296930505862,-1.20397280432594,-1.56560271557052,-0.356674943938732,4.13518443436841,"spike","5","white","absent","0","1","0","Senegalia grade"
"Pseudosenegalia_feddeana",0.8754687373539,-0.916290731874155,-1.80180980508156,-0.967584026261706,-1.56560271557052,-0.105360515657826,4.78749174278205,"spike","5","white","absent","1","1","0","Senegalia grade"
"Parasenegalia_miersii",1.87603392157778,0.858773796885731,-2.12026353620009,-1.49165487677772,-1.56512639930399,0.037950660534178,4.06125456735226,"capitula","5","white","present","0","1","0","Senegalia grade"
"Parasenegalia_skleroxyla",2.35137525716348,0.438254930931155,-2.20727491318972,-1.56064774826467,-1.56064774826467,-0.553385238184787,4.0943445622221,"spike","5","white","present","1","1","0","Senegalia grade"
"Mimosa_cruenta",-0.179506236648572,0.955511445027436,-2.3538783873816,-1.20397280432594,-2.30258509299405,-0.744440474947496,2.07944154167984,"capitula","4","pink","absent","0","0","0","Mimosa clade"
"Mimosa_bonplandii",-0.179506236648572,-0.393042588109607,-3.10109278921182,-1.46967597005894,-2.40794560865187,-1.38629436111989,1.38629436111989,"capitula","4","yellow","absent","0","0","0","Mimosa clade"
"Mimosa_hilariana",-0.693147180559945,0.75493052718603,-2.65926003693278,-1.68739945390381,-2.65926003693278,-0.786702659357427,1.38629436111989,"capitula","4","white","absent","0","1","0","Mimosa clade"
"Mimosa_lactiflua",-0.121616890099998,0.815779962672844,-2.65926003693278,-1.42439079684366,-2.33856004422267,-0.732645027449721,1.72364228219194,"raceme","5","white","absent","0","1","0","Mimosa clade"
"Mimosa_margaritae",-0.121616890099998,0.815779962672844,-2.63127076402518,-1.42439079684366,-2.33856004422267,-0.732645027449721,1.72364228219194,"capitula","5","white","absent","0","1","0","Mimosa clade"
"Mimosa_sicyocarpa",-0.121616890099998,0.815779962672844,-2.99573227355399,-1.42439079684366,-2.33856004422267,-0.732645027449721,1.72364228219194,"capitula","5","white","absent","0","1","0","Mimosa clade"
"Mimosa_pectinatipinna",-0.798507696217772,0.0953101798043249,-2.25379492882461,-1.63475572041839,-2.81341071676004,-0.916290731874155,1.73088306983413,"capitula","5","pink&white","absent","0","1","0","Mimosa clade"
"Mimosa_albida",-0.59783700075562,0.916290731874155,-3.59356927430961,-1.46967597005894,-2.65926003693278,-0.553385238184787,1.38629436111989,"capitula","4","pink","absent","0","1","0","Mimosa clade"
"Mimosa_pudica",-0.85566611005772,0.693147180559945,-4.19970507787993,-1.71479842809193,-2.65926003693278,-0.744440474947496,1.38629436111989,"capitula","4","pink","absent","0","1","0","Mimosa clade"
"Mimosa_xanthocentra",-0.287682072451781,0.22314355131421,-1.53711725085447,-1.46967597005894,-2.20727491318972,-0.321583624127462,1.38629436111989,"capitula","4","pink","absent","0","1","0","Mimosa clade"
"Mimosa_cyclophylla",0,1.79175946922805,-1.29098418131557,-0.916290731874155,-1.71479842809193,-0.430782916092454,1.38629436111989,"capitula","4","white","absent","0","1","0","Mimosa clade"
"Mimosa_skinneri",-0.693147180559945,1.50407739677627,-3.91202300542815,-1.58474529984373,-1.98580216371529,-0.693147180559945,1.38629436111989,"capitula","4","pink","absent","0","0","0","Mimosa clade"
"Mimosa_affinis",-1.20397280432594,1.09627676059552,-3.91202300542815,-1.6094379124341,-2.14117150611068,-1.20397280432594,1.77554140051641,"capitula","5","white","absent","0","1","1","Mimosa clade"
"Mimosa_manidea",0.371563556432483,1.6094379124341,-2.90042209374967,-0.644357016390513,-2.13672571584341,-0.268079037287925,2.07944154167984,"capitula","4","pink","absent","0","1","0","Mimosa clade"
"Mimosa_paludosa",-0.162518929497775,0.916290731874155,-3.10109278921182,-1.29098418131557,-2.16282315061889,0.048790164169432,2.07944154167984,"capitula","4","pink","absent","0","1","0","Mimosa clade"
"Mimosa_somnians",-0.553385238184787,0.641853886172395,-3.15825120305177,-1.27296567581289,-1.56064774826467,-0.59783700075562,2.07944154167984,"capitula","4","pink","absent","0","1","0","Mimosa clade"
"Mimosa_pigra",-0.553385238184787,0.182321556793955,-2.62416871712151,-1.80180980508156,-2.00966104993374,-1.6094379124341,2.30258509299405,"capitula","5","pink","absent","0","1","0","Mimosa clade"
"Mimosa_orthacantha",-0.510825623765991,0.641853886172395,-3.2188758248682,-1.40649706843741,-2.65926003693278,-0.393042588109607,1.38629436111989,"capitula","4","pink","absent","0","1","0","Mimosa clade"
"Mimosa_gemmulata",2.14006616349627,0.944615153218995,-2.81341071676004,-1.58474529984373,-2.04022082852655,-0.510825623765991,2.07944154167984,"spike","4","pink","absent","0","1","0","Mimosa clade"
"Mimosa_guaranitica",-0.644357016390513,1.44691898293633,-2.52234965101676,-1.36649173382371,-2.12026353620009,-0.644357016390513,1.79175946922805,"capitula","3","pink","absent","0","1","0","Mimosa clade"
"Mimosa_gracilis",0.514639345945283,1.01160091167848,-3.50655789731998,-1.6094379124341,-1.77195684193188,-0.916290731874155,2.07944154167984,"capitula","4","pink","absent","0","1","1","Mimosa clade"
"Mimosa_antioquensis",-0.553385238184787,0.182321556793955,-2.65926003693278,-1.46967597005894,-2.40794560865187,-1.74296930505862,1.6094379124341,"capitula","5","white","absent","0","0","0","Mimosa clade"
"Mimosa_quadrivalvis",-0.287682072451781,1.90210752639692,-3.10109278921182,-1.1551826401565,-1.77195684193188,-0.553385238184787,2.30258509299405,"capitula","5&6","pink","absent","0","1","0","Mimosa clade"
"Mimosa_arenosa",1.65822807660353,0.969809272951437,-2.90042209374967,-1.49165487677772,-1.96611285637283,-0.85566611005772,2.07944154167984,"spike","4","white","absent","0","1","0","Mimosa clade"
"Mimosa_bimucronata",1.24288962368477,0.587786664902119,-2.62416871712151,-1.42711635564015,-2.20727491318972,-0.644357016390513,2.07944154167984,"capitula","4","white","absent","0","1","0","Mimosa clade"
"Mimosa_caesalpiniifolia",1.0237815147778,1.6094379124341,-2.90042209374967,-1.63475572041839,-2.04022082852655,-0.553385238184787,1.79175946922805,"spike","3","white","absent","0","0","0","Mimosa clade"
"Mimosa_monancistra",-0.162518929497775,0,-2.12026353620009,-1.42711635564015,-2.18051616318365,-0.693147180559945,2.30258509299405,"capitula","5","pink","absent","0","1","0","Mimosa clade"
"Mimosa_brevispicata",0.712673838554189,0.384580558305919,-2.10561654718988,-1.29796398169562,-2.18051616318365,-0.662295364716572,2.29051836025991,"capitula","5","white","absent","0","1","0","Mimosa clade"
"Mimosa_spirocarpa",2.07944154167984,0.519789989392516,-2.12026353620009,-1.40649706843741,-2.20727491318972,-0.553385238184787,2.30258509299405,"spike","5","pink","absent","0","0","0","Mimosa clade"
"Mimosa_adenantheroides",0.336472236621213,0.810930216216329,-1.80180980508156,-1.1551826401565,-2.17983861664286,-0.510825623765991,2.30258509299405,"capitula","5","white","absent","0","0","0","Mimosa clade"
"Mimosa_rhododactyla",-0.693147180559945,0.537710945314094,-2.25379492882461,-1.38629436111989,-2.20727491318972,-0.798507696217772,2.30258509299405,"spike","4&5&6","pink","absent","0","1","0","Mimosa clade"
"Mimosa_gentryi",-0.287682072451781,0.693147180559945,-2.40794560865187,-1.07880966137193,-2.04022082852655,-0.644357016390513,2.19722457733622,"capitula","4&5","pink","absent","0","1","0","Mimosa clade"
"Mimosa_borealis",-0.510825623765991,0.500775287912489,-2.7333680090865,-1.40649706843741,-2.13260901523748,-0.980829253011726,2.07944154167984,"capitula","4&5","pink","absent","0","1","0","Mimosa clade"
"Mimosa_moniliformis",-0.0512932943875506,0.336472236621213,-2.52572864430826,-1.20397280432594,-2.20727491318972,-0.693147180559945,2.30258509299405,"capitula","5","pink","absent","0","1","0","Mimosa clade"
"Mimosa_leucaenoides",-0.553385238184787,0.693147180559945,-2.04022082852655,-1.22077992264232,-2.12223738646085,-0.916290731874155,2.07944154167984,"capitula","4","pink","absent","0","1","0","Mimosa clade"
"Mimosa_bahamensis",0.154913232104312,0.0953101798043249,-2.16282315061889,-1.27296567581289,-2.20727491318972,-0.980829253011726,2.07944154167984,"capitula","4","pink","absent","0","0","0","Mimosa clade"
"Mimosa_extranea",-0.693147180559945,0.78845736036427,-2.40794560865187,-1.30933331998376,-2.04022082852655,-1.29098418131557,2.07944154167984,"capitula","4&5","white","absent","0","0","0","Mimosa clade"
"Mimosa_hondurana",-0.916290731874155,0.670838871840768,-2.81341071676004,0.765467842139571,-2.12172129781806,-0.826071621747968,2.07944154167984,"capitula","4","white","absent","0","1","0","Mimosa clade"
"Mimosa_dormiens",-0.553385238184787,0.765467842139571,-2.11490330727138,-1.89711998488588,-2.65926003693278,-1.38629436111989,2.07944154167984,"capitula","4","white","absent","0","0","0","Mimosa clade"
"Mimosa_ephedroides",0.808118835322947,0,-2.07629970956924,-1.22077992264232,-2.05621647764792,-0.59783700075562,2.07944154167984,"capitula","4","white","absent","0","1","0","Mimosa clade"
"Mimosa_colombiana",0.789297159854879,-0.356674943938732,-2.7333680090865,-1.49165487677772,-2.30258509299405,-1.29098418131557,2.30258509299405,"capitula","5&6","white","absent","0","0","0","Mimosa clade"
"Mimosa_pithecolobioides",-0.798507696217772,0.810930216216329,-2.3538783873816,-1.49165487677772,-2.30258509299405,-1.42711635564015,2.30258509299405,"spike","5","yellow","absent","0","1","0","Mimosa clade"
"Mimosa_townsendii",0.139761942375159,0.22314355131421,-2.99573227355399,-1.46967597005894,-2.20727491318972,-0.693147180559945,2.07944154167984,"spike","4","white","absent","0","1","0","Mimosa clade"
"Adenopodia_spicata",1.17865499634165,0.765467842139571,0.0953101798043249,-1.83258146374831,-2.30258509299405,-0.141068238957889,2.30258509299405,"spike","5","white","present","0","1","0","Mimosa clade"
"Piptadenia_gonoacantha",2.12823170584927,-0.693147180559945,-2.81341071676004,-1.56064774826467,-1.96611285637283,-1.1239300966524,2.30258509299405,"spike","5","white&yellow","present","0","1","0","Mimosa clade"
"Piptadenia_adiantoides",2.19165353228676,0.300104592450338,-1.71479842809193,-0.891598119283784,-1.74296930505862,-0.606969484318893,2.30258509299405,"spike","5","yellow","present","0","1","0","Mimosa clade"
"Piptadenia_buchtienii",-0.59783700075562,-0.0512932943875506,-2.25379492882461,-1.56064774826467,-1.89711998488588,-0.693147180559945,2.30258509299405,"spike","5","pink","present","0","1","0","Mimosa clade"
"Piptadenia_paniculata",1.64865862558738,-0.22314355131421,-2.99573227355399,-1.66073120682165,-1.96611285637283,-0.798507696217772,2.30258509299405,"spike","5","yellow","present","0","1","0","Mimosa clade"
"Piptadenia_robusta",2.19722457733622,-0.162518929497775,-2.46510402249182,-1.40649706843741,-1.46967597005894,-0.693147180559945,2.30258509299405,"spike","5","white","present","0","1","0","Mimosa clade"
"Piptadenia_retusa",1.62924053973028,-0.356674943938732,-2.20727491318972,-1.27296567581289,-1.71479842809193,-0.683196849706777,2.30258509299405,"spike","5","yellow","present","0","1","0","Mimosa clade"
"Stryphnodendron_guianense",2.484906649788,1.31273219713781,-1.51585236703894,-0.86857296917581,-1.73812892285747,-0.03963325358618,2.83257033745971,"spike","5","white","present","0","1","0","Stryphnodendron clade"
"Microlobius_foetidus",1.50407739677627,1.31273219713781,-2.40794560865187,-1.04982212449868,-1.73812892285747,-0.03963325358618,2.30258509299405,"spike","5","white","present","0","1","0","Stryphnodendron clade"
"Pityrocarpa_moniliformis",1.73090914309654,1.31273219713781,-1.66418745438587,-1.0161090349192,-1.73812892285747,-0.205678223873833,2.71838092458895,"spike","5","white","absent","0","1","0","Stryphnodendron clade"
"Pityrocarpa_obliqua",1.73090914309654,1.31273219713781,-2.12026353620009,-1.32802545299591,-1.73812892285747,-0.510825623765991,2.71838092458895,"capitula","5","white","absent","0","1","0","Stryphnodendron clade"
"Pityrocarpa_schumanniana",1.73090914309654,1.31273219713782,-1.58495737995807,-0.957531294026431,-1.73812892285747,-0.148156744086026,2.30258509299405,"spike","5","white","present","0","1","0","Stryphnodendron clade"
"Parapiptadenia_excelsa",1.73090914309654,1.31273219713781,-1.48260135738374,-0.880105840973668,-1.73812892285747,-0.0720373086632774,2.30258509299405,"spike","5","white","present","0","1","0","Stryphnodendron clade"
"Marlimorimia_psilostachya",1.73090914309654,1.31273219713781,-1.38629436111989,-0.857366118701342,-1.73812892285747,-0.0496626458719446,2.30258509299405,"spike","5","white","present","0","1","0","Stryphnodendron clade"
"Vachellia_gerrardi",0.989320774358537,1.13066249481533,-1.60296532996758,-1.12446757347993,-1.69678954361109,-0.43377588162154,3.01021872847847,"spike","5","white","absent","0","1","0","Parkia clade"
"Vachellia_collinsii",0.916290731874155,0.262364264467491,-2.12026353620009,-2.04022082852655,-1.69678954361109,-1.6094379124341,3.01021872847847,"spike","5","white","absent","0","1","0","Parkia clade"
"Vachellia_pennatula",0.0953101798043249,0.832909122935104,-2.16282315061889,-1.46967597005894,-1.69678954361109,-0.980829253011726,3.01021872847847,"capitula","5","white","absent","0","1","0","Parkia clade"
"Vachellia_farnesiana",-0.22314355131421,0.936093359170335,-1.93102153656156,-1.44816976483798,-1.69678954361109,-0.798507696217772,3.01021872847847,"capitula","5","white","absent","0","1","0","Parkia clade"
"Parkia_nitida",1.83258146374831,2.22462355152433,0.0246926125903714,0.117783035656383,-1.6094379124341,0.371016513685439,2.30258509299405,"capitula","5","white","present","0","1","1","Parkia clade"
"Parkia_discolor",1.6094379124341,2.07944154167984,-0.356674943938732,-0.192371892647456,-2.59026716544583,0.371016513685439,2.30258509299405,"capitula","5","white","present","0","1","1","Parkia clade"
"Parkia_ulei",0.336472236621213,-0.356674943938732,-1.1239300966524,-0.916290731874155,-2.30258509299405,0.371016513685439,2.30258509299405,"capitula","5","white","present","0","1","1","Parkia clade"
"Parkia_platycephala",1.50407739677627,3.2188758248682,-0.105360515657826,0.0953101798043249,-0.470003629245736,0.371016513685439,2.30258509299405,"capitula","5","white","present","0","1","1","Parkia clade"
"Parkia_filicoidea",2.07944154167984,2.29394762215413,-0.440919459911904,-0.223057273710151,-1.38975333682302,0.371016513685439,2.30258509299405,"capitula","5","white","absent","0","1","1","Parkia clade"
"Anadenanthera_peregrina",1.62430585139315,3.31418600467253,0.559615787935423,1.01160091167848,-1.66903556458304,1.87180217690159,2.30258509299405,"capitula","5","white","absent","0","1","0","Parkia clade"
"Desmanthus_fruticosus",0.559615787935423,0.974559639998131,-1.44816976483798,-0.85566611005772,-1.72225188204105,-0.186329578191493,2.30258509299405,"spike","5","white","absent","0","1","0","Dichrostachys clade"
"Kanaloa_kahoolawensis",-0.356674943938732,0.641853886172395,-2.16282315061889,-1.80180980508156,-1.72225188204105,-1.38629436111989,2.30258509299405,"capitula","5","white","absent","0","1","0","Dichrostachys clade"
"Mezcala_balsensis",0.719803261010558,0.693147180559945,-1.84832982071645,-1.29098418131557,-1.72225188204105,-0.798507696217772,2.30258509299405,"capitula","5","white","present","0","1","0","Dichrostachys clade"
"Leucaena_trichodes",0,0.336472236621213,-1.63475572041839,-1.27296567581289,-1.72225188204105,-0.663588378318401,2.30258509299405,"capitula","5","white","absent","0","1","0","Dichrostachys clade"
"Leucaena_esculenta",1.01160091167848,1.01160091167848,-1.10866262452161,-0.723606388044654,-1.72225188204105,0.254642218373581,2.30258509299405,"capitula","5","white","absent","0","1","0","Dichrostachys clade"
"Leucaena_retusa",0.810930216216329,1.74919985480926,-0.832409247893453,-0.510825623765991,-1.72225188204105,0.242946178610389,2.30258509299405,"capitula","5","yellow","absent","0","1","0","Dichrostachys clade"
"Leucaena_pulverulenta",0.559615787935423,1.09861228866811,-1.96611285637283,-0.928869514081015,-1.72225188204105,-0.527632742082372,2.30258509299405,"capitula","5","white","absent","0","1","0","Dichrostachys clade"
"Leucaena_cuspidata",0.371563556432483,1.11514159061932,-1.29098418131557,-0.916290731874155,-1.72225188204105,-0.430782916092454,2.30258509299405,"capitula","5","white","absent","0","1","0","Dichrostachys clade"
"Dichrostachys_cinerea",2.01490302054226,0.754484692836244,-2.59026716544583,-1.49165487677772,-1.72225188204105,-0.85566611005772,2.30258509299405,"spike","5","pink&yellow","present","0","1","0","Dichrostachys clade"
"Dichrostachys_spicata",1.93696029614021,0.754484692836244,-2.28114119469797,-1.34122049657066,-1.72225188204105,-0.836225509979893,2.30258509299405,"spike","5","white","present","0","1","0","Dichrostachys clade"
"Alantsilodendron_mahafalense",1.8127595061528,0.810930216216329,-2.07944154167984,-1.16315080980568,-1.72225188204105,-2.20727491318972,2.29267748962027,"capitula","5","white","absent","0","1","0","Dichrostachys clade"
"Calliandropsis_nervosa",1.74920950704464,-0.916290731874155,-1.6094379124341,-0.980829253011726,-1.72225188204105,-0.356674943938732,1.6094379124341,"spike","5","white","absent","0","0","0","Dichrostachys clade"
"Neptunia_lutea",0.371563556432483,2.00148000021012,-1.68739945390381,-1.18744350237473,-1.72225188204105,-0.3147107448397,2.30258509299405,"spike","5","yellow","present","0","1","1","Dichrostachys clade"
"Lemurodendron_capuronii",1.334037590175,1.4701309175234,-1.98413136187551,-0.980829253011726,-1.72225188204105,-0.553385238184787,2.30258509299405,"spike","5","white","present","0","1","0","Dichrostachys clade"
"Prosopidastrum_mexicanum",1.52206112483594,0.955511445027436,-1.43210895147395,-0.59783700075562,-1.72225188204105,-0.124653790960672,2.30258509299405,"capitula","5","white","present","0","1","0","Dichrostachys clade"
"Piptadeniopsis_lomentifera",1.52206112483594,1.28386478392331,-1.43210895147395,-0.812387420670812,-1.72225188204105,-0.124653790960672,2.74051495314833,"capitula","5","white","present","0","1","0","Dichrostachys clade"
"Neltuma_laevigata",1.94591014905531,0.915715759090874,-2.30258509299405,-1.04982212449868,-1.72658921253591,-0.210390253521854,2.97736434049189,"raceme","5","white","present","0","1","0","Neltuma clade"
"Neltuma_flexuosa",2.19722457733622,0.915715759090874,-2.10456631362404,-1.01688493427529,-1.72658921253591,-0.210390253521854,2.97736434049189,"raceme","5","white","present","0","1","0","Neltuma clade"
"Neltuma_ruscifolia",2.4423470353692,0.405465108108164,-2.07944154167984,-1.04982212449868,-1.72658921253591,-0.510825623765991,2.97736434049189,"raceme","5","white","present","0","1","0","Neltuma clade"
"Strombocarpa_tamarugo",1.6094379124341,0.9995318198452,-1.89711998488588,-0.798507696217772,-1.72658921253591,-0.0705399985244645,2.97736434049189,"spike","5","white","present","0","1","0","Neltuma clade"
"Xerocladia_viridiramis",-0.356674943938732,-0.22314355131421,-1.89711998488588,-1.38629436111989,-1.72658921253591,-0.0705399985244645,2.97736434049189,"capitula","5","white","present","0","1","0","Neltuma clade"
"Prosopis_farcta",2.07944154167984,1.34511586517185,-2.30258509299405,-0.980829253011726,-1.74759063437036,-0.798507696217772,2.83339191495164,"raceme","5","white","present","0","1","0","Prosopis clade"
"Cylicodiscus_gabunensis",1.8997375247368,1.34511586517185,-2.30258509299405,-1.6094379124341,-1.74759063437036,-0.0973614754245336,2.30258509299405,"spike","5","white","present","1","1","0","Core Mimosoid clade"
"Newtonia_hildebrandtii",1.87180217690159,1.33643650112615,-1.5074334364828,-0.878661361585736,-1.76203569949078,-0.0820594126301698,2.79831970528903,"spike","5","white","absent","0","1","0","Newtonia grade"
"Newtonia_leucocarpa",2.04379531277925,1.33643650112615,-1.5074334364828,-0.878661361585736,-1.76203569949078,-0.0820594126301698,2.79831970528903,"capitula","5","white","absent","0","1","0","Newtonia grade"
"Newtonia_buchananii",2.42036812865043,1.33643650112615,-1.5074334364828,-0.878661361585736,-1.76203569949078,-0.0820594126301698,2.79831970528903,"spike","5","white","present","0","1","0","Newtonia grade"
"Plathymenia_reticulata",2.16905370036952,1.33025093400882,-1.20397280432594,-0.980829253011726,-2.25379492882461,-0.510825623765991,2.30258509299405,"raceme","5","white","present","0","1","0","Newtonia grade"
"Entada_elephantina",1.79175946922805,1.31788894492895,-1.74296930505862,-1.1239300966524,-1.77238158573626,-0.430782916092454,2.62460708926178,"raceme","5","white","present","1","1","0","Entada clade"
"Entada_goetzei",2.52572864430826,1.31788894492895,-1.81707727721234,-1.29098418131557,-1.77238158573626,-0.798507696217772,2.62460708926178,"raceme","5","white","present","1","1","0","Entada clade"
"Aubrevillea_kerstingii",2.09543056664757,1.31788894492895,-2.46510402249182,-1.29098418131557,-1.77238158573626,-0.162803515904061,2.19722457733622,"raceme","5","white","absent","0","1","0","Entada clade"
"Piptadeniastrum_africanum",2.01490302054226,1.31788894492895,-1.80477927044344,-1.04521655360691,-1.77238158573626,-0.162803515904061,2.55023077531452,"raceme","5","white","present","0","1","0","Entada clade"
"Chidlowia_sanguinea",3.2188758248682,1.31398733071163,-1.6094379124341,-0.430782916092454,-1.77238158573626,0.916290731874155,2.30258509299405,"capitula","5","white","absent","1","1","0",""
"Pentaclethra_macrophylla",2.20642270224213,1.31398733071163,-1.62519015399878,-1.20397280432594,-1.77238158573626,-0.510825623765991,2.30258509299405,"spike","5","white","absent","0","0","0","Adenanthera clade"
"Calpocalyx_cauliflorus",1.52881383919982,1.41758059008344,-1.65295750920083,-0.987395714864844,-1.77238158573626,-0.307491960596501,2.30258509299405,"spike","5","white","present","0","1","0","Adenanthera clade"
"Xylia_hoffmannii",1.52881383919982,1.41758059008344,-1.65295750920083,-0.987395714864844,-1.77238158573626,-0.307491960596501,2.30258509299405,"capitula","5","white","present","0","1","0","Adenanthera clade"
"Xylia_xylocarpa",0.22314355131421,1.87180217690159,-1.38629436111989,-1.04982212449868,-1.77238158573626,-0.307491960596501,2.30258509299405,"capitula","5","white","present","0","0","0","Adenanthera clade"
"Calpocalyx_dinklagei",1.48905797161147,1.44785674851264,-1.63675082569812,-0.990636503144751,-1.77238158573626,-0.307491960596501,2.30258509299405,"spike","5","white","present","0","1","0","Adenanthera clade"
"Pseudoprosopis_fischeri",1.09861228866811,-0.430782916092454,-2.07944154167984,-0.85566611005772,-1.77238158573626,-0.430782916092454,2.44291079982128,"capitula","5","white","present","0","1","0","Adenanthera clade"
"Adenanthera_microsperma",2.19722457733622,1.15233897828457,-2.77258872223978,-1.20397280432594,-1.77238158573626,-0.980829253011726,2.30258509299405,"raceme","5","white","present","0","1","0","Adenanthera clade"
"Tetrapleura_tetraptera",2.19722457733622,1.01160091167848,-2.59026716544583,-1.29098418131557,-1.77238158573626,-1.04982212449868,2.42436857595531,"raceme","5","white","present","0","1","0","Adenanthera clade"
"Tetrapterocarpon_septentrionale",2.70805020110221,1.31165284569457,-2.30258509299405,-1.74296930505862,-1.77238158573626,-1.20397280432594,2.07944154167984,"capitula","4","white","absent","0","1","0",""
