Name_submitted,Overall_score,Name_matched,Accepted_name,Keep,Altered
Calliandra purdiaei,0.979220494,Calliandra purdiei,Calliandra purdiei,1,NA
Calliandra glomerulata var. glomervlata,0.991252492,Calliandra glomerulata var. glomerulata,Calliandra glomerulata var. glomerulata,1,NA
Calliandra eriophylla var. eriophyila,0.990253645,Calliandra eriophylla var. eriophylla,Calliandra eriophylla var. eriophylla,1,NA
Calliandra tweedii,0.979220494,Calliandra tweediei,Calliandra tweediei,1,NA
Calliandra macrocalyx var. aucta,0.977406984,Calliandra macrocalyx var. acuta,Calliandra macrocalyx var. acuta,1,NA
Calliandra pilgerana,0.984285103,Calliandra pilgeriana,Calliandra pilgeriana,1,NA
Calliandra blanchetli,0.984285103,Calliandra blanchetii,Calliandra blanchetii,1,NA
Calliandra haematocephala var. botiyiana,0.974015039,Calliandra haematocephala var. boliviana,Calliandra haematocephala var. boliviana,1,NA
Callandra brevicaulis,0.984285103,Calliandra brevicaulis,Calliandra brevicaulis,1,NA
Calliandra brevicaulis var. brevieaulis,0.991252492,Calliandra brevicaulis var. brevicaulis,Calliandra brevicaulis var. brevicaulis,1,NA
Hydrochorea marginata var. marginata,0.599573844,Hydrochorea marginata,Hydrochorea marginata,1,NA
Abarema curvicarpa var. curvicarpa,0.599573844,Abarema curvicarpa,Jupunba curvicarpa,1,NA
Abarema microcalyx var. microcalyx,0.599573844,Abarema microcalyx,Jupunba microcalyx,1,NA
Abarema barbouriana var. barbourtana,0.599573844,Abarema barbouriana,Jupunba barbouriana,1,NA
Abarema zollerana,0.984285103,Abarema zolleriana,Jupunba zolleriana,1,NA
Abarema leucophylla var. leucophylla,0.599573844,Abarema leucophylla,Jupunba leucophylla,1,NA
Abarema leucophylla var. vanpesensis,0.991252492,Abarema leucophylla var. vaupesensis,Jupunba leucophylla var. vaupesensis,1,NA
Abarema cochleata var. cochleata,0.599573844,Abarema cochleata,Jupunba cochleata,1,NA
Abarema langsdorfii,0.987373682,Abarema langsdorffii,Jupunba langsdorffii,1,NA
Abarema alexandri var. alexandri,0.599573844,Abarema alexandri,Jupunba alexandri,1,NA
Abarema ricoae,0.5,Abarema,Abarema,0,NA
Abarema agropecuaria,0.5,Abarema,Abarema,0,NA
Leucochloren foederale,0.987373682,Leucochloron foederale,Leucochloron foederale,1,NA
Chloroleuson mangense var. tetrazyx,0.992066035,Chloroleucon mangense var. tetrazyx,Chloroleucon mangense var. tetrazyx,1,NA
Havardia campylacanthus,0.975251887,Havardia campylacantha,Gretheria campylacantha,1,NA
Macrosamanea publramea,0.982101171,Macrosamanea pubiramea,Macrosamanea pubiramea,1,NA
Macrosamanea prancel,0.975251887,Macrosamanea prancei,Macrosamanea prancei,1,NA
Albizia niopoides var. niopoldes,0.599573844,Albizia niopoides,Pseudalbizzia niopoides,1,NA
Albizia berteriana,0.984285103,Albizia berteroana,Pseudalbizzia berteroana,1,NA
Albizia plistaciifolia,0.989451083,Albizia pistaciifolia,Pseudalbizzia pistaciifolia,1,NA
Albizia subdimidiata var. subdimidiata,0.599573844,Albizia subdimidiata,Pseudalbizzia subdimidiata,1,NA
Albizia multiflora var. multiflora,0.599573844,Albizia multiflora,Pseudalbizzia multiflora,1,NA
Pithecelloblum roseum,0.989451083,Pithecellobium roseum,Pithecellobium roseum,1,NA
Pithecellobium roseum var. roseum,0.599573844,Pithecellobium roseum,Pithecellobium roseum,0,NA
Zygia macbridii,0.982101171,Zygia macbridei,Zygia macbridei,1,NA
Zygia englesingii,0.985996706,Zygia engelsingii,Zygia engelsingii,1,NA
Zygla rhytidecarpa,0.929821416,Zygia rhytidocarpa,Zygia rhytidocarpa,1,NA
Zygla cupirensis,0.960212211,Zygia cupirensis,Zygia cupirensis,1,NA
Zygia pithecolobloides,0.990943031,Zygia pithecolobioides,Zygia pithecolobioides,1,NA
Acacia aroma var. aroma,0.735972224,Acacia adoxa var. adoxa,Vachellia aroma,1,NA
Acacia AROMA var. HUARANGO,0.9,Acacia aroma,Vachellia aroma,1,NA
Acacia pachyphloia subsp. pachyphloia,0.599573844,Acacia pachyphloia,Vachellia pachyphloia,1,NA
Acacia retinodes var. retinodes,0.599573844,Acacia retinodes,Acacia retinodes,1,NA
Acacia juncifolia subsp. juncifolia,0.599573844,Acacia juncifolia,Acacia juncifolia,1,NA
Acacia purpureopetala,0.989451083,Acacia purpureapetala,Acacia purpureapetala,1,NA
Acacia resinicostata,0.988505101,Acacia resinocostata,Acacia resinocostata,1,NA
Acacia robinae,0.979220494,Acacia robiniae,Acacia robiniae,1,NA
Acacia longispicata subsp. longispicata,0.599573844,Acacia longispicata,Acacia longispicata,1,NA
Acacia macdonnellensis,0.990943031,Acacia macdonnelliensis,Acacia macdonnelliensis,1,NA
Acacia macdonnellensis subsp. macdonnellensis,0.987373682,Acacia macdonnelliensis subsp. macdonnelliensis,Acacia macdonnelliensis subsp. macdonnelliensis,1,NA
Acacia macdonnellensis subsp. teretifolia,0.994218569,Acacia macdonnelliensis subsp. teretifolia,Acacia macdonnelliensis subsp. teretifolia,1,NA
Acacia coolgardiensis subsp. coolgardiensis,0.599573844,Acacia coolgardiensis,Acacia coolgardiensis,1,NA
Acacia acuminata subsp. acuminata,0.599573844,Acacia acuminata,Acacia acuminata,1,NA
Acacia longifolia subsp. longifolia,0.599573844,Acacia longifolia,Acacia longifolia,1,NA
Acacia galioides var. galioides,0.599573844,Acacia galioides,Acacia galioides,1,NA
Inga salicifoliola,0.972650303,Inga salicifolia,Inga salicifolia,1,NA
Inga bourgonii,0.982101171,Inga bourgoni,Inga bourgoni,1,NA
Inga jinicuil,1,Inga jinicuil,Inga jinicuil,1,NA
Inga exalata subsp. exalata,0.599573844,Inga exalata,Inga exalata,1,NA
Inga adenophyila,0.985996706,Inga adenophylla,Inga adenophylla,1,NA
Inga subnuda subsp. luschnathiana,0.992741383,Inga subnuda subsp. lushnathiana,Inga subnuda subsp. lushnathiana,1,NA
