variable,original_value,n_occurrences,standardized_value
habit,tree,86,tree
habit,trees,22,trees
habit,shrubs,20,shrubs
habit,subshrubs,6,subshrubs
habit,arborescent shrubs,5,arborescent shrubs
habit,shrub,5,shrub
habit,shrub or small tree,5,shrub or small tree
habit,"shrub, tree",5,"shrub, tree"
habit,shrubs and treelets,4,shrubs and treelets
habit,"tree, shrub",4,"tree, shrub"
habit,herbs,3,herbs
habit,shrub or tree,3,shrub or tree
habit,shrub or treelet,2,shrub or treelet
habit,"shrubs, trees",2,"shrubs, trees"
habit,vines,2,vines
habit,almost a tree,1,almost a tree
habit,arborescent shrubs and round-topped trees,1,arborescent shrubs and round-topped trees
habit,arborescent shrubs and trees,1,arborescent shrubs and trees
habit,"climbing shrub, scrambling shrub",1,"climbing shrub, scrambling shrub"
habit,"functionally herbaceous or subherbaceous, subshrubs",1,"functionally herbaceous or subherbaceous, subshrubs"
habit,functionally herbaceous subshrubs,1,functionally herbaceous subshrubs
habit,geoxylic suffrutex with erect annual herbaceous stems,1,geoxylic suffrutex with erect annual herbaceous stems
habit,herb,1,herb
habit,"herbs, bushy shrubs, weakly woody sarmentose vines and treelets",1,"herbs, bushy shrubs, weakly woody sarmentose vines and treelets"
habit,humifuse herbs,1,humifuse herbs
habit,"liana, shrub",1,"liana, shrub"
habit,lianas or straggling shrubs,1,lianas or straggling shrubs
habit,macrophyllidious trees,1,macrophyllidious trees
habit,perennial herbs or shrub,1,perennial herbs or shrub
habit,rosette-trees,1,rosette-trees
habit,scandent shrubs or lianes,1,scandent shrubs or lianes
habit,scrambling or arborescent shrubs,1,scrambling or arborescent shrubs
habit,short-lived perennial herbs,1,short-lived perennial herbs
habit,shrub to small tree,1,shrub to small tree
habit,"shrub, small tree",1,"shrub, small tree"
habit,shrubs and small trees,1,shrubs and small trees
habit,shrubs and trees,1,shrubs and trees
habit,shrubs or tree,1,shrubs or tree
habit,shrubs or treelets,1,shrubs or treelets
habit,shrubs or trees,1,shrubs or trees
habit,"shrubs, rarely trees",1,"shrubs, rarely trees"
habit,"shrubs, subshrubs, sometimes shrub-trees",1,"shrubs, subshrubs, sometimes shrub-trees"
habit,"shrubs, treelets",1,"shrubs, treelets"
habit,small tree,1,small tree
habit,"subshrubs, herbs",1,"subshrubs, herbs"
habit,"subshrubs, shrubs and treelets",1,"subshrubs, shrubs and treelets"
habit,"subshrubs, shrubs and trees",1,"subshrubs, shrubs and trees"
habit,tree or shrub,1,tree or shrub
habit,tree or shrubs,1,tree or shrubs
habit,treelet,1,treelet
habit,treelets,1,treelets
habit,"treelets, trees",1,"treelets, trees"
habit,trees and arborescent shrubs,1,trees and arborescent shrubs
habit,trees and bushy treelets,1,trees and bushy treelets
habit,trees or bushy treelets,1,trees or bushy treelets
habit,trees or potentially sarmentose shrubs,1,trees or potentially sarmentose shrubs
habit,trees or shrubs,1,trees or shrubs
habit,"trees, large erect polypodial shrubs",1,"trees, large erect polypodial shrubs"
root_system,xylopodium,2,xylopodium
root_system,adventitiously rooting,1,adventitiously rooting
root_system,heavy woody rootstock,1,heavy woody rootstock
root_system,rhizomes,1,rhizomes
root_system,woody root-stock,1,woody root-stock
root_system,woody roots or short caudex,1,woody roots or short caudex
root_system,"woody, when young carrot-like, in age knotty and amorphous",1,"woody, when young carrot-like, in age knotty and amorphous"
inflorescence_type,capitula,87,capitula
inflorescence_type,spike,33,spike
inflorescence_type,spikes,21,spike
inflorescence_type,capitate,6,capitula
inflorescence_type,racemes,6,raceme
inflorescence_type,head,5,capitula
inflorescence_type,umbellate,5,umbell
inflorescence_type,fl-spikes,3,spike
inflorescence_type,pedunculate glomerules,3,capitula
inflorescence_type,capitulum like racemes,2,raceme
inflorescence_type,globose head,2,capitula
inflorescence_type,heads,2,capitula
inflorescence_type,panicled head,2,capitula
inflorescence_type,panicles,2,NA
inflorescence_type,raceme,2,raceme
inflorescence_type,"racemes, spiciform",2,raceme
inflorescence_type,spiciform racemes,2,raceme
inflorescence_type,"axillary, racemose, erect",1,raceme
inflorescence_type,capituliform racemes,1,raceme
inflorescence_type,capituliform spikes,1,spike
inflorescence_type,"capituliform, suborbicular",1,capitula
inflorescence_type,congested spike,1,spike
inflorescence_type,consisting of glomerules or small spikes,1,capitula&spike
inflorescence_type,corimbys,1,umbell
inflorescence_type,corymbs,1,umbell
inflorescence_type,dense globose heads pedunculate,1,capitula
inflorescence_type,globular pedunculate heads,1,capitula
inflorescence_type,glomerules,1,capitula
inflorescence_type,heads globose,1,capitula
inflorescence_type,"heads, very short spikes",1,spike
inflorescence_type,panicle of pseudoracemes (capitula?),1,capitula
inflorescence_type,"panicled, pedunculate",1,NA
inflorescence_type,pedunculate,1,NA
inflorescence_type,pseudoraceme of capitula,1,capitula
inflorescence_type,pseudoracemes,1,raceme
inflorescence_type,"racemes simple, elongate",1,raceme
inflorescence_type,"racemes, spikelike",1,raceme
inflorescence_type,racemose,1,raceme
inflorescence_type,spiciforms racemes,1,spike
inflorescence_type,spike or raceme,1,spike&raceme
inflorescence_type,"spike,capitulum or umbel",1,spike&capitula&umbell
inflorescence_type,spikes or densely flowered heads,1,spike
inflorescence_type,umbell,1,umbell
inflorescence_type,umbles or corymbs,1,umbell
inflorescence_shape,globose,24,globose
inflorescence_shape,congested,6,congested
inflorescence_shape,umbelliform,5,umbelliform
inflorescence_shape,hemispherical,4,hemispherical
inflorescence_shape,amentiform,3,amentiform
inflorescence_shape,subglobose,3,subglobose
inflorescence_shape,aggregated into panicles,2,aggregated into panicles
inflorescence_shape,ellipsoid,2,ellipsoid
inflorescence_shape,panicle,2,panicle
inflorescence_shape,spikes in pseudoracemes,2,spikes in pseudoracemes
inflorescence_shape,arranged in a panicle,1,arranged in a panicle
inflorescence_shape,arranged in ample panicles in older trees,1,arranged in ample panicles in older trees
inflorescence_shape,axillary fascicles,1,axillary fascicles
inflorescence_shape,axillary panicle,1,axillary panicle
inflorescence_shape,axillary pseudoraceme,1,axillary pseudoraceme
inflorescence_shape,"axillary, a congested spike",1,"axillary, a congested spike"
inflorescence_shape,"axillary, often clustered at the apex, or in the axils of undeveloped leaves on axillary shoots, a congested spike",1,"axillary, often clustered at the apex, or in the axils of undeveloped leaves on axillary shoots, a congested spike"
inflorescence_shape,"axillary, often clustered on short leafless axillary shoots, congested spike",1,"axillary, often clustered on short leafless axillary shoots, congested spike"
inflorescence_shape,"axillary,usually confined to the lower part of the stem",1,"axillary,usually confined to the lower part of the stem"
inflorescence_shape,"biglobos with basal staminoidal fringe, apical parts ellipsoid, apical parts obovoid",1,"biglobos with basal staminoidal fringe, apical parts ellipsoid, apical parts obovoid"
inflorescence_shape,"biglobose with basal staminoidal fringe, apically obovoid",1,"biglobose with basal staminoidal fringe, apically obovoid"
inflorescence_shape,capitula axillary,1,capitula axillary
inflorescence_shape,capituliforme,1,capituliforme
inflorescence_shape,"consisting of pedunculate glomerules, aggregated into panicles",1,"consisting of pedunculate glomerules, aggregated into panicles"
inflorescence_shape,cylindrical,1,cylindrical
inflorescence_shape,cylindrical loosely flowered,1,cylindrical loosely flowered
inflorescence_shape,ellipsoid or globose,1,ellipsoid or globose
inflorescence_shape,fascicled or racemose,1,fascicled or racemose
inflorescence_shape,fasciculate,1,fasciculate
inflorescence_shape,globose or ellipsoid,1,globose or ellipsoid
inflorescence_shape,globose or plumply ellipsoid,1,globose or plumply ellipsoid
inflorescence_shape,"globose, clavate or unexpanded",1,"globose, clavate or unexpanded"
inflorescence_shape,head,1,head
inflorescence_shape,heads or very short spikes,1,heads or very short spikes
inflorescence_shape,hemispherical or subglobose,1,hemispherical or subglobose
inflorescence_shape,loosely flowered cylindrical,1,loosely flowered cylindrical
inflorescence_shape,loosely flowered cylindrical spike,1,loosely flowered cylindrical spike
inflorescence_shape,mostly in terminal and axillary pseudoracemes,1,mostly in terminal and axillary pseudoracemes
inflorescence_shape,"mostly in terminal panicles, mostly in terminal pseudoracemes",1,"mostly in terminal panicles, mostly in terminal pseudoracemes"
inflorescence_shape,oblong,1,oblong
inflorescence_shape,"oblong-ellipsoid, spiciform, cylindric, or amentiform",1,"oblong-ellipsoid, spiciform, cylindric, or amentiform"
inflorescence_shape,"often paniculately aggregated, solitary or few in a cluster",1,"often paniculately aggregated, solitary or few in a cluster"
inflorescence_shape,ovoid-ellipsoid,1,ovoid-ellipsoid
inflorescence_shape,ovoid-ellipsoid or globose,1,ovoid-ellipsoid or globose
inflorescence_shape,panicle of spikes,1,panicle of spikes
inflorescence_shape,pedunculate flowers bearing corymbs,1,pedunculate flowers bearing corymbs
inflorescence_shape,"pedunculate glomerules aggregated into terminal, shortly, tomentose panicles",1,"pedunculate glomerules aggregated into terminal, shortly, tomentose panicles"
inflorescence_shape,pedunculate heads arranged in terminal open panicles or elongated racemes,1,pedunculate heads arranged in terminal open panicles or elongated racemes
inflorescence_shape,plumply ellipsoid,1,plumply ellipsoid
inflorescence_shape,simple thyrsi,1,simple thyrsi
inflorescence_shape,"simple thyrsi, cymule of solitary to 4-ternate spikes",1,"simple thyrsi, cymule of solitary to 4-ternate spikes"
inflorescence_shape,solitary or paired heads sometimes combined into a panicle,1,solitary or paired heads sometimes combined into a panicle
inflorescence_shape,solitary or paired racemes axillary to the distal leaves,1,solitary or paired racemes axillary to the distal leaves
inflorescence_shape,spiciform raceme,1,spiciform raceme
inflorescence_shape,spiciform racemes,1,spiciform racemes
inflorescence_shape,spikes axillary,1,spikes axillary
inflorescence_shape,subhemispherical,1,subhemispherical
inflorescence_shape,subspherical,1,subspherical
inflorescence_shape,subumbellate,1,subumbellate
inflorescence_shape,"terminal or axillary, narrow panicled, peduncle",1,"terminal or axillary, narrow panicled, peduncle"
inflorescence_shape,terminal panicle,1,terminal panicle
inflorescence_shape,"terminal pseudoracemes, axillary",1,"terminal pseudoracemes, axillary"
inflorescence_shape,terminal racemes,1,terminal racemes
inflorescence_shape,"umbelliform, spherical or hemispherical",1,"umbelliform, spherical or hemispherical"
flower_merosity,5,76,5
flower_merosity,5-merous,42,5
flower_merosity,4-merous,17,4
flower_merosity,4 (5)-merous,4,4
flower_merosity,4(-5)-merous,3,4
flower_merosity,(4-)5-merous,2,4
flower_merosity,3-merous,2,3
flower_merosity,4,2,4
flower_merosity,4-5-merous,2,4&5
flower_merosity,5- or 6-merous,2,5&6
flower_merosity,(3-)4(-5)-merous,1,4
flower_merosity,(4-)5-6- merous,1,5&6
flower_merosity,(4)5-merous,1,5
flower_merosity,3-4-merous,1,3&4
flower_merosity,4- or 5- or 6-merous,1,4&5&6
flower_merosity,4- or 5-merous,1,4&5
flower_merosity,4-5,1,4&5
flower_merosity,4(5-)-merous,1,4
flower_merosity,5 (6),1,5
flower_merosity,5-7,1,5
flower_merosity,5-merous or randomly 6-7-merous,1,5
flower_merosity,5-merous(some terminal flower 6-merous),1,5
flower_merosity,5(6)9-merous,1,5&9
flower_merosity,5(randomly 6)-merous,1,5
bisexual_flowers_presence,yes,23,yes
bisexual_flowers_presence,bisexual,3,bisexual
bisexual_flowers_presence,present,3,present
bisexual_flowers_presence,all bisexual,1,all bisexual
bisexual_flowers_presence,all or most bisexual,1,all or most bisexual
bisexual_flowers_presence,mostly bisexual,1,mostly bisexual
male_flowers_presence,yes,8,yes
male_flowers_presence,present,4,present
male_flowers_presence,central flower male,3,central flower male
male_flowers_presence,lower ones staminates,3,lower ones staminates
male_flowers_presence,some lower ones staminate,2,some lower ones staminate
male_flowers_presence,central ones male,1,central ones male
male_flowers_presence,in some spike many staminate,1,in some spike many staminate
male_flowers_presence,lower ones mostly staminate,1,lower ones mostly staminate
male_flowers_presence,lower ones staminate,1,lower ones staminate
male_flowers_presence,lower ones usually staminate,1,lower ones usually staminate
male_flowers_presence,lowest in each capitulum staminate,1,lowest in each capitulum staminate
male_flowers_presence,pistil of some lower flowers rudimentary,1,pistil of some lower flowers rudimentary
male_flowers_presence,some functionally male,1,some functionally male
male_flowers_presence,some or many lower ones staminate,1,some or many lower ones staminate
male_flowers_presence,some or many of each spike functionally staminate,1,some or many of each spike functionally staminate
male_flowers_presence,some staminate only,1,some staminate only
male_flowers_presence,sometimes male,1,sometimes male
male_flowers_presence,staminate,1,staminate
heteromorphic_flower_presence,homomorphic,18,homomorphic
heteromorphic_flower_presence,yes,16,yes
heteromorphic_flower_presence,dimorphic,7,dimorphic
heteromorphic_flower_presence,present,5,present
heteromorphic_flower_presence,essentially homomorphic,1,essentially homomorphic
heteromorphic_flower_presence,homo or heteromorphic,1,homo or heteromorphic
heteromorphic_flower_presence,inner most broader than outer ones,1,inner most broader than outer ones
heteromorphic_flower_presence,no,1,no
heteromorphic_flower_presence,probably dimorphic but terminal one not observed,1,probably dimorphic but terminal one not observed
sterile_flower_presence,lower ones sterile,2,lower ones sterile
sterile_flower_presence,yes,2,yes
sterile_flower_presence,absent,1,absent
sterile_flower_presence,basal flowers sterile,1,basal flowers sterile
calyx_shape,campanulate,36,campanulate
calyx_shape,funnel-shaped,5,funnel-shaped
calyx_shape,cup-shaped,4,cup-shaped
calyx_shape,narrowly campanulate,4,narrowly campanulate
calyx_shape,shallowly campanulate,4,shallowly campanulate
calyx_shape,tubular,4,tubular
calyx_shape,turbinate,3,turbinate
calyx_shape,campanulate or turbinate-campanulate,2,campanulate or turbinate-campanulate
calyx_shape,deeply campanulate,2,deeply campanulate
calyx_shape,obconical,2,obconical
calyx_shape,campanulate cup,1,campanulate cup
calyx_shape,campanulate or deeply campannlate,1,campanulate or deeply campannlate
calyx_shape,campanulate or deeply campanulate,1,campanulate or deeply campanulate
calyx_shape,campanulate or hemispherical,1,campanulate or hemispherical
calyx_shape,campanulate or hemisphericat,1,campanulate or hemisphericat
calyx_shape,campanulate or turbinate,1,campanulate or turbinate
calyx_shape,crateriform or shallowly campanulate,1,crateriform or shallowly campanulate
calyx_shape,cup shaped,1,cup shaped
calyx_shape,cup-shaped to tubular,1,cup-shaped to tubular
calyx_shape,cupular,1,cupular
calyx_shape,cylindric or cylindro-campanulate,1,cylindric or cylindro-campanulate
calyx_shape,cylindric or slightly dilated above middle,1,cylindric or slightly dilated above middle
calyx_shape,cylindrical to slightly obconical,1,cylindrical to slightly obconical
calyx_shape,irregularly denticulate,1,irregularly denticulate
calyx_shape,membranous,1,membranous
calyx_shape,minute,1,minute
calyx_shape,"narrowly campanulate or vase-shaped from turbinate base, cylindrocampanulate",1,"narrowly campanulate or vase-shaped from turbinate base, cylindrocampanulate"
calyx_shape,narrowly funnel-shaped,1,narrowly funnel-shaped
calyx_shape,narrowly obconical,1,narrowly obconical
calyx_shape,obsolete,1,obsolete
calyx_shape,paleaceous,1,paleaceous
calyx_shape,paleaceous-pappiform,1,paleaceous-pappiform
calyx_shape,pappiform,1,pappiform
calyx_shape,shallowly campanulate or hemispherical,1,shallowly campanulate or hemispherical
calyx_shape,shallowly or narrowly campanulate,1,shallowly or narrowly campanulate
calyx_shape,shallowly or shortly campanulate,1,shallowly or shortly campanulate
calyx_shape,slenderly vase-shaped,1,slenderly vase-shaped
calyx_shape,subhemispherical,1,subhemispherical
calyx_shape,"tubular or narrowly funnel-shaped, often slightly curved",1,"tubular or narrowly funnel-shaped, often slightly curved"
calyx_shape,tubular to narrowly funnel-shaped,1,tubular to narrowly funnel-shaped
calyx_shape,tubular to subcampanulate,1,tubular to subcampanulate
calyx_shape,turbinate-campanulate,1,turbinate-campanulate
calyx_shape,turbinate-campanulate or somewhat urn-shaped,1,turbinate-campanulate or somewhat urn-shaped
calyx_shape,"turbinate-campanulate, obtusely 5-angulate",1,"turbinate-campanulate, obtusely 5-angulate"
calyx_shape,"turbinate, broadly campanulate",1,"turbinate, broadly campanulate"
calyx_lobe_length_unit.,mm,115,mm
stamen_count,10,46,10
stamen_count,8,10,8
stamen_count,4,8,4
stamen_count,8(10),6,8
stamen_count,numerous,6,NA
stamen_count,40-50,5,40-50
stamen_count,35-40,3,35-40
stamen_count,(8)10(12),2,10
stamen_count,>200,2,200
stamen_count,10(12),2,10
stamen_count,24-44,2,24-44
stamen_count,30,2,30
stamen_count,45-50,2,45-50
stamen_count,5,2,5
stamen_count,6,2,6
stamen_count,8-10,2,8-10
stamen_count,80,2,80
stamen_count,numerous (more than 50),2,NA
stamen_count,species from genus vachellia have numerous stamens (20-100),2,NA
stamen_count,(16)18-31(terminal flowers 54 -100),1,18-100
stamen_count,(18-)21-30(32) or 50-80 on terminal flowers,1,21-80
stamen_count,(22)26-42,1,26-42
stamen_count,(28-)30-52,1,30-52
stamen_count,(44)52-92(106),1,52-92
stamen_count,(6)8(10),1,8
stamen_count,(98-)114-204(-218),1,114-204
stamen_count,10-12,1,10-12
stamen_count,10(15),1,10(15)
stamen_count,100-110,1,100-110
stamen_count,100-140,1,100-140
stamen_count,12-22,1,12-22
stamen_count,15-17,1,15-17
stamen_count,16-28(32),1,16-28
stamen_count,17-26(30),1,17-26
stamen_count,18-32,1,18-32
stamen_count,18(22)25,1,18-25
stamen_count,19-24,1,19-24
stamen_count,20-30,1,20-30
stamen_count,20-55,1,20-55
stamen_count,21-35,1,21-35
stamen_count,24-30,1,24-30
stamen_count,25-40,1,25-40
stamen_count,25-45,1,25-45
stamen_count,25-50,1,25-50
stamen_count,26-38,1,26-38
stamen_count,26-44,1,26-44
stamen_count,27-36,1,27-36
stamen_count,28,1,28
stamen_count,28-36,1,28-36
stamen_count,30-36,1,30-36
stamen_count,30-40,1,30-40
stamen_count,30-46,1,30-46
stamen_count,30-50(55),1,30-50
stamen_count,33-40,1,33-40
stamen_count,34,1,34
stamen_count,34-44,1,34-44
stamen_count,35-60,1,35-60
stamen_count,36,1,36
stamen_count,36-62,1,36-62
stamen_count,40-45,1,40-45
stamen_count,40-65,1,40-65
stamen_count,40-80,1,40-80
stamen_count,43-52,1,43-52
stamen_count,45,1,45
stamen_count,45-55,1,45-55
stamen_count,46,1,46
stamen_count,50,1,50
stamen_count,50-80,1,50-80
stamen_count,52-76,1,52-76
stamen_count,55-60,1,55-60
stamen_count,60-110,1,60-110
stamen_count,64-100,1,64-100
stamen_count,66-82,1,66-82
stamen_count,75,1,75
stamen_count,8-11,1,8-11
stamen_count,84-148,1,84-148
stamen_count,9-12,1,9-12
stamen_count,9-15,1,9-15
stamen_count,96-154,1,96-154
stamen_count,diplostemonous,1,NA
filament_color,white,49,white
filament_color,pink,14,red&pink
filament_color,blood-red,1,red&pink
filament_color,bright pink,1,red&pink
filament_color,bright yellow,1,yellow
filament_color,cream-colored,1,yellow
filament_color,"cream-colored, greenish-yellow, pinkish-red",1,yellow
filament_color,"cream-colored, greenish-yellow, rarely light pink, red, vinaceous",1,yellow
filament_color,cream-coloured,1,yellow
filament_color,creamy white,1,white
filament_color,greenish-white,1,white
filament_color,greenish-yellow,1,yellow
filament_color,greenishor lemon-yellow,1,yellow
filament_color,"in proximal flowers violet, in distal ones pale yellow",1,pink&yellow
filament_color,lavender-pink,1,red&pink
filament_color,lilac,1,red&pink
filament_color,"lilac-, roseor magenta-pink",1,red&pink
filament_color,"off-white, golden red",1,whitw
filament_color,pale cream-coloured,1,pale cream-coloured
filament_color,pale cream-white,1,pale cream-white
filament_color,pale creamy white,1,pale creamy white
filament_color,pale lilac fading whitish,1,pale lilac fading whitish
filament_color,pale yellow,1,pale yellow
filament_color,"pallid proximally, carmine",1,"pallid proximally, carmine"
filament_color,pink fading whitish,1,pink fading whitish
filament_color,pink or pinkish orange,1,red&pink
filament_color,"pink or purplish-pink, sometimes fading whitish",1,"pink or purplish-pink, sometimes fading whitish"
filament_color,pink or white,1,pink or white
filament_color,pink-lilac,1,red&pink
filament_color,pink-purple,1,red&pink
filament_color,probably white,1,white
filament_color,pure white,1,pure white
filament_color,red or pink,1,red&pink
filament_color,red to vinaceous,1,red&pink
filament_color,red-crimson,1,red&pink
filament_color,vivid pink or lilac-pink,1,red&pink
filament_color,"white or cream-white, exceptionally pallid-roseate in fading",1,"white or cream-white, exceptionally pallid-roseate in fading"
filament_color,white or occasionally pink,1,white or occasionally pink
filament_color,white or pink,1,white or pink
filament_color,"white proximally, pink or red distally",1,"white proximally, pink or red distally"
filament_color,white rubescent,1,white rubescent
filament_color,white to cream,1,white to cream
filament_color,white to pink or reddish at the apex,1,white to pink or reddish at the apex
filament_color,"white, cream",1,"white, cream"
filament_color,"white, crimson",1,"white, crimson"
filament_color,"white, pink",1,"white, pink"
filament_color,"white, red, vinaceous",1,"white, red, vinaceous"
filament_color,"white, yellowish-cream, rarely light pink",1,"white, yellowish-cream, rarely light pink"
filament_color,white(?),1,white(?)
filament_color,whitish,1,whitish
filament_color,whitish or pale pink,1,whitish or pale pink
filament_color,whitish with tassel red,1,whitish with tassel red
filament_color,"whitish, yellow-tipped or orange",1,"whitish, yellow-tipped or orange"
filament_color,yellow,1,yellow
anther_gland_presence,absent,30,absent
anther_gland_presence,yes,25,present
anther_gland_presence,eglandular,16,absent
anther_gland_presence,no,10,absent
anther_gland_presence,present,10,present
anther_gland_presence,bearing a anther gland,3,present
anther_gland_presence,spheroidal apical gland,2,present
anther_gland_presence,anther gland normally present,1,present
anther_gland_presence,anthers bearing a caducous apical gland,1,present
anther_gland_presence,anthers eglandular,1,absent
anther_gland_presence,anthers usually bearing a caducous stalked anther gland.,1,present
anther_gland_presence,bearing a caducous apical gland,1,present
anther_gland_presence,ellipsoid anthers with deciduous gland,1,present
anther_gland_presence,"mostly glandless, rarely with minute apical glands",1,absent
anther_gland_presence,with a stalked spherical apical gland,1,present
stemonozone_presence,present,51,present
stemonozone_presence,absent,4,absent
stemonozone_presence,no,2,no
stemonozone_presence,almost 0,1,almost 0
stemonozone_presence,obscure,1,obscure
stemonozone_presence,the stemonozone 1 mm or less,1,the stemonozone 1 mm or less
stemonozone_presence,yes,1,yes
stamen_tube_presence,present,42,present
stamen_tube_presence,yes,3,yes
stamen_tube_presence,absent,1,absent
stamen_tube_presence,stamens united into a tube at the base,1,stamens united into a tube at the base
stamen_tube_presence,the filament-tube far-exserted,1,the filament-tube far-exserted
stamen_tube_presence,tube equalling or longer than the corolla tube,1,tube equalling or longer than the corolla tube
stamen_tube_presence,tube equalling the corolla-tube,1,tube equalling the corolla-tube
staminal_tube_presence,present,34,present
staminal_tube_presence,no,1,no
intrastaminal_nectary_presence,absent,8,absent
intrastaminal_nectary_presence,present,5,present
intrastaminal_nectary_presence,an intrastaminal disc around base of ovary,1,an intrastaminal disc around base of ovary
intrastaminal_nectary_presence,disk adnate to the stamina tube,1,disk adnate to the stamina tube
intrastaminal_nectary_presence,only in bissexual flowers,1,only in bissexual flowers
intrastaminal_nectary_presence,only in central flowers,1,only in central flowers
nectary_presence,absent,7,absent
nectary_presence,present,7,present
nectary_presence,yes,2,present
nectary_presence,basal nectary in ovary,1,present
nectary_presence,flowers with minute reddish to reddish-brown glands at the base,1,present
nectary_presence,minute pale yellowish-white glands at the base of pedicels,1,present
nectary_presence,nectariferous disc not developed,1,absent
nectary_presence,nectary disc in ovary,1,present
nectary_presence,petiolar nectary,1,NA
nectary_presence,rarely forming a pronounced vectorial disc,1,NA