"taxon","stamenNumber","filament_color","nectary_presence","InfType","CalShape","FlowMerosity","inflorescence_peduncle_length_mean","inflorescence_length_mean","CalLengthMean","ColLengthMean","FilLengthMean","rate"
"Mimosa myriadenia",NA,0,NA,0,0,2,50,NA,0.6,1.55,1.85,0.00314226927948976
"Mimosa annularis",2,0,NA,2,0,2,7.5,NA,0.7,2,3,0.00670524803754279
"Mimosa watsonii",0,0,NA,2,0,1,9.5,4.5,0.75,2.2,4.75,0.0042794694402725
"Mimosa rufescens",0,0,NA,2,0,2,6.5,NA,0.65,1.7,1.5,0.00206527001995564
"Mimosa guilandinae",2,0,NA,2,0,2,6.5,3.75,0.7,1.8,1.75,0.00302724793316252
"Mimosa colombiana",NA,0,NA,2,0,2,7,NA,0.65,2.25,2.75,0.00380156894287128
"Mimosa pithecolobioides",0,2,NA,0,0,2,22.5,NA,0.95,2.25,2.4,0.00267183353782005
"Mimosa townsendii",0,0,NA,0,0,1,12.5,11.5,0.5,2.3,5,0.00381367815213162
"Mimosa rhododactyla",2,2,NA,0,0,2,NA,NA,1.05,2.5,4.5,0.00441915020460781
"Mimosa benthamii",NA,NA,NA,0,NA,NA,NA,NA,1.4,NA,NA,0.00259591776201064
"Mimosa costenya",0,0,NA,0,0,2,NA,70,1.45,2.85,5,0.0162118191397819
"Mimosa luisana",NA,2,NA,0,0,2,17,NA,0.4,2.6,5.75,0.00331373893221583
"Mimosa adenantheroides",0,0,NA,2,0,2,22.5,14,1.65,3.15,6,0.00372987146853554
"Mimosa palmeri",0,2,NA,0,0,2,NA,65,0.9,2.55,4.75,0.00589924810946636
"Mimosa mollis",0,0,NA,2,0,2,35,NA,0.75,3.75,6.5,0.00385155370184864
"Mimosa guirocobensis",0,2,NA,0,NA,2,25,NA,2.2,3.6,NA,0.00454776011139922
"Mimosa guatemalensis",2,2,NA,0,0,2,NA,97.5,1.7,2.95,5.25,0.0036454789441668
"Mimosa egregia",0,0,NA,0,0,2,NA,NA,0.9,2.25,5,0.00515393899928679
"Mimosa spirocarpa",0,0,NA,0,0,2,NA,80,1.2,2.45,5.75,0.00470157686796604
"Mimosa xochipalensis",NA,2,NA,0,0,2,50,NA,1.25,2.5,5.5,0.00276059433624855
"Mimosa polyantha",0,0,NA,0,0,2,NA,30,0.55,2.85,5.5,0.00425735410637662
"Mimosa distachya",0,0,NA,0,0,2,NA,55,0.9,2.55,6,0.00304406538747969
"Mimosa rosei",NA,2,NA,0,0,2,NA,65,0.75,2.2,NA,0.0136601846134412
"Mimosa nanchititlana",0,0,NA,0,0,2,NA,65,1.1,2.3,4,0.00441085013438604
"Mimosa aculeaticarpa",0,0,NA,2,0,2,15,NA,1.5,2.85,3.75,0.00242937906419347
"Mimosa biuncifera",NA,NA,NA,NA,NA,NA,NA,NA,NA,NA,NA,0.00253867736266033
"Mimosa galeottii",0,0,NA,2,0,2,16,6,1.45,2.7,2.75,0.0035823411519446
"Mimosa grahamii",0,0,NA,2,0,2,25,NA,1.85,4.05,5,0.00374742420698989
"Mimosa minutifolia",0,NA,NA,2,0,2,13,7,1.4,2.8,NA,0.00257939973630753
"Mimosa lacerata",NA,NA,NA,2,NA,NA,17.5,6,0.675,NA,NA,0.00193298289529051
"Mimosa moniliformis",NA,2,NA,2,0,NA,14,9.5,0.8,3,5,0.0057617953235733
"Mimosa gentryi",NA,NA,NA,2,0,2,20,7.5,0.9,3.4,6,0.00347500264803329
"Mimosa pringlei",0,2,NA,2,0,2,16,5,0.9,NA,4.25,0.0125009777422656
"Mimosa acantholoba",0,0,NA,0,0,2,14.5,18,0.675,2.7,4.75,0.00392848627142092
"Mimosa platycarpa",NA,NA,NA,0,NA,NA,NA,25,NA,NA,NA,0.00328019439764992
"Mimosa monancistra",0,2,NA,2,0,2,10,8.5,1.2,2.4,5,0.00731611721083779
"Mimosa calcicola",0,2,NA,2,0,2,8,NA,1.45,2.95,4,0.0121364619670024
"Mimosa depauperata",1,2,NA,2,NA,1,4.5,NA,0.65,2.65,4,0.00537430413260678
"Mimosa emoryana",0,2,NA,2,0,2,15,8,1.1,3.45,5,0.00291200781974741
"Mimosa purpusii",0,2,NA,2,0,2,15,NA,0.575,3.5,7,0.0078458910026592
"Mimosa texana",NA,NA,NA,2,0,2,13,NA,1.3,NA,3.75,0.00191267187438749
"Mimosa borealis",0,2,NA,2,NA,2,16.5,6,0.65,2.45,3.75,0.00314209709264878
"Mimosa turneri",0,2,NA,2,0,2,10,NA,0.675,2.4,3.65,0.00250275363047047
"Mimosa unipinnata",2,NA,NA,2,0,1,13.5,NA,0.45,2.15,4.25,0.00751524234670523
"Mimosa zygophylla",0,2,NA,2,0,2,NA,NA,1.2,3.1,4.5,0.0038430112674158
"Mimosa arenosa",0,0,NA,0,0,1,NA,52.5,0.55,2.25,4.25,0.00195357330789142
"Mimosa tenuiflora",0,0,NA,0,0,1,NA,7.5,0.875,2.6,3.5,0.00593921137532297
"Mimosa glutinosa",0,0,NA,0,0,1,NA,65,0.3,2.6,6,0.00181857283394656
"Mimosa pteridifolia",0,2,NA,0,0,1,NA,77.5,0.9,2.05,6.25,0.00284196309256921
"Mimosa gemmulata",0,2,NA,0,0,1,NA,85,0.6,2.05,6,0.00693781900247859
"Mimosa schomburgkii",2,0,NA,0,0,2,NA,65,1.05,2.25,4,0.00481754251307873
"Mimosa bimucronata",0,0,NA,2,0,2,18,NA,0.725,2.4,5.25,0.00273971494180712
"Mimosa leucaenoides",0,2,NA,2,0,1,20,NA,1.3,2.95,4,0.00178077051101803
"Mimosa martindelcampoi",0,2,NA,2,0,2,19,NA,0.9,3.1,3.75,0.00285833299715842
"Mimosa ervendbergii",2,0,NA,2,0,2,NA,NA,1.65,3.2,5.25,0.0076548924310002
"Mimosa sinaloensis",0,0,NA,2,0,2,NA,NA,1.6,3.3,3.5,0.00480224103496747
"Mimosa hondurana",0,0,NA,2,0,1,NA,NA,0.6,2.15,NA,0.00222768764802848
"Mimosa malacophylla",0,0,NA,2,0,2,14,9.5,0.45,2.25,4.25,0.00320521194784838
"Mimosa extranea",NA,0,NA,2,0,1,38,5,0.9,2.7,2.75,0.00433389119011185
"Mimosa bahamensis",2,2,NA,2,0,2,11,NA,1.15,2.8,3.75,0.00372684972662037
"Mimosa ephedroides",0,0,NA,2,0,2,10,NA,NA,2.95,5.5,0.00451167116727717
"Mimosa diplotricha",0,2,NA,2,0,1,10.5,NA,0.3,2.05,4,0.00636940938095629
"Mimosa gracilis",0,2,NA,2,0,1,27.5,NA,0.3,2,4,0.00489541762579658
"Mimosa orthocarpa",0,2,NA,2,0,1,20,7.5,0.35,2.7,5.5,0.00298151026094777
"Mimosa cruenta",2,2,NA,2,0,2,26,NA,0.95,3,4.75,0.00616203990928039
"Mimosa lepidota",0,0,NA,2,0,1,22.5,5.25,1.3,4.25,4.75,0.00300643068861288
"Mimosa caesalpiniifolia",0,0,NA,0,NA,0,50,NA,0.55,1.95,5.75,0.00536918797271844
"Mimosa laticifera",0,0,NA,2,0,0,9,NA,0.75,2.45,4.5,0.00295657208786774
"Mimosa guaranitica",0,2,NA,2,0,0,42.5,5.25,NA,2.55,5.25,0.0068742070748799
"Mimosa cordistipula",0,2,NA,2,NA,0,37.5,NA,0.6,3,5.5,0.00409901361298354
"Mimosa quadrivalvis",0,0,NA,2,0,2,67,NA,0.45,3.15,5.75,0.00673802338544334
"Mimosa hystricina",NA,NA,NA,NA,NA,NA,NA,NA,NA,NA,NA,0.00294601218043466
"Mimosa latidens",NA,NA,NA,2,NA,NA,32.5,6,NA,NA,NA,0.00359839036602781
"Mimosa invisa",1,2,NA,2,0,2,9.5,46.5,0.4,2,5.75,0.00122733254771064
"Mimosa leptocarpa",1,NA,NA,2,NA,2,13.5,NA,NA,3.1,3.5,0.00336773548106685
"Mimosa antioquensis",1,NA,NA,2,0,2,12,5.75,0.7,2.3,1.75,0.00589943510277938
"Mimosa aurivillus",1,1,NA,2,1,1,30,7.5,0.225,2.25,3.35,0.00838513249807652
"Mimosa scabrella",1,1,NA,2,0,1,13,8.5,0.6,2.55,4,0.00501120828960396
"Mimosa bonplandii",1,1,NA,2,1,1,3.5,NA,0.45,2.3,2.5,0.00742637758405465
"Mimosa daleoides",1,1,NA,0,NA,1,32.5,10.5,NA,1.6,1.95,0.00326013524068313
"Mimosa pilulifera",1,1,NA,2,0,1,14.5,NA,0.4,2,1.75,0.0053436841033761
"Mimosa flocculosa",1,2,NA,2,0,1,16,8,0.7,2.8,3,0.00654214371344394
"Mimosa setosa",0,2,NA,2,0,1,25,NA,NA,4.2,10.5,0.0082542045069859
"Mimosa paludosa",NA,NA,NA,NA,0,NA,NA,NA,0.45,NA,NA,0.00380666800346812
"Mimosa melanocarpa",NA,2,NA,2,NA,NA,NA,4.25,2.35,4.6,8.25,0.00387394902246288
"Mimosa foliolosa",0,2,NA,2,NA,1,22.5,10,1.05,4,8,0.00377119730480398
"Mimosa antrorsa",0,NA,NA,2,0,1,22.5,NA,0.55,3.4,4.75,0.00415021711222579
"Mimosa albolanata",0,2,NA,2,NA,1,45,13,0.55,5,11.25,0.000991477400383996
"Mimosa claussenii",NA,0,NA,2,NA,2,90,17,NA,6,20,0.0122827530562217
"Mimosa decorticans",0,0,NA,2,NA,1,37.5,11,0.8,4.25,12,0.00603256364561991
"Mimosa manidea",NA,NA,NA,2,NA,NA,50,14.5,NA,5.25,NA,0.002067156225452
"Mimosa pigra",NA,2,NA,2,NA,NA,12,5.75,0.725,1.65,2,0.00352792336992137
"Mimosa dormiens",2,0,NA,2,NA,2,21.5,5.75,NA,1.5,2.5,0.00510094025948782
"Mimosa strigillosa",0,2,NA,2,0,2,100,17,0.375,2.7,6.25,0.00599061850733789
"Mimosa somnians",NA,2,NA,2,NA,2,19,5.75,0.425,2.8,5.5,0.00480293690032622
"Mimosa brachycarpa",0,2,NA,2,0,1,11.5,NA,0.475,2.3,6,0.00525137514995015
"Mimosa microcephala",0,0,NA,2,NA,1,7,NA,0.4,2.05,4.25,0.00488981868725166
"Mimosa neptunioides",0,2,NA,2,0,1,35,12,0.45,2.6,7.75,0.00821978896179172
"Mimosa occidentalis",0,2,NA,2,0,1,42.5,11,NA,2.95,7.75,0.00462339358149554
"Mimosa camporum",0,0,NA,2,NA,1,9.5,5,0.225,1.85,3.35,0.00489033247487779
"Mimosa micropteris",1,2,NA,2,2,1,2,6.5,1.4,2.55,4.75,0.00541201343855423
"Mimosa polycarpa",1,2,NA,2,NA,1,10.5,5.25,NA,2.4,6.25,0.00593054353319416
"Mimosa pectinatipinna",NA,0,NA,2,2,NA,11,4.5,1.05,1.95,4,0.00560586027222699
"Mimosa velloziana",1,2,NA,2,NA,1,11.5,5.5,0.325,2.3,4.5,0.00804063054725438
"Mimosa albida",1,2,NA,2,NA,1,25,5.5,0.275,2.3,5.75,0.00838782412251341
"Mimosa sensibilis",1,0,NA,2,NA,1,25,5,0.2,2.4,5,0.00498308318147876
"Mimosa debilis",1,2,NA,2,NA,1,12.5,6,0.275,2.3,5.75,0.00769123243275477
"Mimosa acapulcensis",1,2,NA,2,NA,1,30,6,0.55,2.55,5.75,0.00387946529311677
"Mimosa sousae",2,2,NA,2,NA,2,42.5,8,1.75,3.5,7.5,0.00572276735004131
"Mimosa oligophylla",1,2,NA,2,NA,1,9,9.5,NA,2.9,7.75,0.00661279897855823
"Mimosa flagellaris",1,2,NA,2,0,1,100,7.5,0.375,3.15,6.5,0.00738526014272988
"Mimosa cainguensis",1,2,NA,2,0,1,110,8.75,0.35,3.3,6,0.00374358708969559
"Mimosa psilocarpa",NA,NA,NA,2,NA,NA,NA,6,NA,NA,NA,0.00576320604180897
"Mimosa lactiflua",NA,NA,NA,1,NA,NA,NA,NA,NA,NA,NA,0.00661450880672708
"Mimosa caerulea",NA,NA,NA,NA,NA,NA,NA,NA,NA,NA,NA,0.00546670093980918
"Mimosa margaritae",NA,NA,NA,NA,NA,NA,NA,NA,NA,NA,NA,0.00439121040840493
"Mimosa sicyocarpa",NA,NA,NA,2,0,NA,NA,NA,0.5,NA,NA,0.00996213270439802
"Mimosa deamii",NA,NA,NA,1,NA,NA,NA,NA,NA,NA,NA,0.00928882937355893
"Mimosa goldmanii",NA,NA,NA,NA,NA,NA,NA,NA,NA,NA,NA,0.00476511143158867
"Mimosa tricephala",NA,NA,NA,1,NA,NA,NA,NA,NA,NA,NA,0.00760180142781143
"Mimosa incarum",1,2,NA,2,NA,1,15,4.5,0.325,2.2,4.5,0.00353046418197457
"Mimosa dolens",1,2,NA,2,1,1,65,10.75,1,4.5,7,0.00533353373387879
"Mimosa ramosissima",1,2,NA,2,0,1,11,4.5,1,1.9,3.95,0.00485020583889419
"Mimosa orthacantha",1,2,NA,2,0,1,19,6,0.4,2.45,6.75,0.00718223808355206
"Mimosa gymnas",1,2,NA,2,0,1,37.5,4.75,0.3,2.35,5,0.00448061081998399
"Mimosa obstrigosa",1,2,NA,2,0,1,13,6,0.4,2.85,5,0.00707878468107182
"Mimosa pudica",1,2,NA,2,0,1,20,4.25,0.15,1.8,4.75,0.0121048137928149
"Mimosa xanthocentra",1,2,NA,2,2,1,12.5,7.5,2.15,2.3,7.25,0.00751925371393834
"Mimosa affinis",NA,NA,NA,2,NA,NA,NA,3,NA,2,3,0.0075569779723851
"Mimosa hypoglauca",1,2,NA,2,NA,1,50,7.75,2.2,3.35,6.5,0.00771104667810854
"Mimosa polycephala",1,2,NA,2,NA,1,15.5,7.5,1.9,3,5.75,0.0078941814884266
"Mimosa venatorum",1,0,NA,2,NA,1,22.5,9,NA,3.5,8.25,0.00763264918048602
"Mimosa lanuginosa",1,2,NA,2,NA,1,25,11,3.65,5,6.75,0.010043467660489
"Mimosa radula",1,2,NA,2,NA,1,25,10,3.35,4.1,7,0.00796434264971541
"Mimosa virgula",1,2,NA,2,NA,1,25,NA,2.75,3.6,5.5,0.00759144804850178
"Mimosa pseudoradula",1,2,NA,2,NA,1,27.5,9.5,2.4,4,7.5,0.00635918953734988
"Mimosa cyclophylla",1,NA,NA,2,NA,1,60,10,2.75,4,6.5,0.0056552303639495
"Mimosa hirsutissima",1,2,NA,2,NA,1,70,7,2,2.85,6.25,0.0100550760484459
"Mimosa diversipila",1,2,NA,2,NA,1,10,6.5,0.1,2.65,6,0.00583618189312865
"Mimosa pogocephala",1,2,NA,2,NA,1,13.5,7,14.5,26.5,5.5,0.00441507978114578
"Mimosa congestifolia",1,2,NA,2,NA,1,35,6.75,NA,3.4,7,0.00380707937852697
"Mimosa hilariana",1,NA,NA,2,NA,1,NA,5,0.7,1.85,NA,0.00702856715340289
"Mimosa pedersenii",1,2,NA,2,2,1,37.5,5,1.45,1.95,4.25,0.00983959544674621
"Mimosa schleidenii",1,2,NA,2,2,1,105,7.5,0.9,2.75,4,0.00526507585321389
"Mimosa paupera",1,2,NA,2,NA,1,55,NA,0.15,2.1,NA,0.00610431538566095
"Mimosa distans",1,2,NA,2,NA,1,65,6.5,0.2,2.6,6.25,0.0102243329068734
"Mimosa dryandroides",1,2,NA,2,2,1,20,11,1.4,2.45,7.25,0.00489720322672898
"Mimosa skinneri",1,2,NA,2,NA,1,70,NA,0.2,2.05,5,0.0103081690530315
"Mimosa ursina",1,2,NA,2,1,1,15.5,NA,0.2,1.85,3,0.00713956713776277
